7,17956 4043 8082 17291 8516 7229 10274 10272 11980 1292
10,17956 4043 8082 17291 8516 7229 10274 10272 11980 1292
13,17956 4043 8082 17291 8516 7229 10274 10272 11980 1292
19,17956 4043 8082 17291 8516 7229 10274 10272 11980 1292
23,17956 4043 8082 17291 8516 7229 10274 10272 11980 1292
26,17956 4043 8082 17291 8516 7229 10274 10272 11980 1292
28,17956 4043 8082 17291 8516 7229 10274 10272 11980 1292
33,17956 4043 8082 17291 8516 7229 10274 10272 11980 1292
40,17956 4043 8082 17291 8516 7229 10274 10272 11980 1292
42,17956 4043 8082 17291 8516 7229 10274 10272 11980 1292
44,17956 4043 8082 17291 8516 7229 10274 10272 11980 1292
46,17956 4043 8082 17291 8516 7229 10274 10272 11980 1292
48,17956 4043 8082 17291 8516 7229 10274 10272 11980 1292
51,17956 4043 8082 17291 8516 7229 10274 10272 11980 1292
54,17956 4043 8082 17291 8516 7229 10274 10272 11980 1292
60,17956 4043 8082 17291 8516 7229 10274 10272 11980 1292
62,17956 4043 8082 17291 8516 7229 10274 10272 11980 1292
66,17956 4043 8082 17291 8516 7229 10274 10272 11980 1292
68,17956 4043 8082 17291 8516 7229 10274 10272 11980 1292
75,17956 4043 8082 17291 8516 7229 10274 10272 11980 1292
82,17956 4043 8082 17291 8516 7229 10274 10272 11980 1292
86,17956 4043 8082 17291 8516 7229 10274 10272 11980 1292
92,17956 4043 8082 17291 8516 7229 10274 10272 11980 1292
103,17956 4043 8082 17291 8516 7229 10274 10272 11980 1292
106,17956 4043 8082 17291 8516 7229 10274 10272 11980 1292
109,17956 4043 8082 17291 8516 7229 10274 10272 11980 1292
115,17956 4043 8082 17291 8516 7229 10274 10272 11980 1292
119,17956 4043 8082 17291 8516 7229 10274 10272 11980 1292
122,17956 4043 8082 17291 8516 7229 10274 10272 11980 1292
125,17956 4043 8082 17291 8516 7229 10274 10272 11980 1292
127,17956 4043 8082 17291 8516 7229 10274 10272 11980 1292
131,17956 4043 8082 17291 8516 7229 10274 10272 11980 1292
135,17956 4043 8082 17291 8516 7229 10274 10272 11980 1292
137,17956 4043 8082 17291 8516 7229 10274 10272 11980 1292
144,17956 4043 8082 17291 8516 7229 10274 10272 11980 1292
153,17956 4043 8082 17291 8516 7229 10274 10272 11980 1292
163,17956 4043 8082 17291 8516 7229 10274 10272 11980 1292
168,17956 4043 8082 17291 8516 7229 10274 10272 11980 1292
174,17956 4043 8082 17291 8516 7229 10274 10272 11980 1292
178,17956 4043 8082 17291 8516 7229 10274 10272 11980 1292
181,17956 4043 8082 17291 8516 7229 10274 10272 11980 1292
183,17956 4043 8082 17291 8516 7229 10274 10272 11980 1292
186,17956 4043 8082 17291 8516 7229 10274 10272 11980 1292
190,17956 4043 8082 17291 8516 7229 10274 10272 11980 1292
192,17956 4043 8082 17291 8516 7229 10274 10272 11980 1292
196,17956 4043 8082 17291 8516 7229 10274 10272 11980 1292
205,17956 4043 8082 17291 8516 7229 10274 10272 11980 1292
214,17956 4043 8082 17291 8516 7229 10274 10272 11980 1292
219,17956 4043 8082 17291 8516 7229 10274 10272 11980 1292
225,17956 4043 8082 17291 8516 7229 10274 10272 11980 1292
227,17956 4043 8082 17291 8516 7229 10274 10272 11980 1292
230,17956 4043 8082 17291 8516 7229 10274 10272 11980 1292
233,17956 4043 8082 17291 8516 7229 10274 10272 11980 1292
238,17956 4043 8082 17291 8516 7229 10274 10272 11980 1292
240,17956 4043 8082 17291 8516 7229 10274 10272 11980 1292
242,17956 4043 8082 17291 8516 7229 10274 10272 11980 1292
246,17956 4043 8082 17291 8516 7229 10274 10272 11980 1292
254,17956 4043 8082 17291 8516 7229 10274 10272 11980 1292
258,17956 4043 8082 17291 8516 7229 10274 10272 11980 1292
260,17956 4043 8082 17291 8516 7229 10274 10272 11980 1292
264,17956 4043 8082 17291 8516 7229 10274 10272 11980 1292
266,17956 4043 8082 17291 8516 7229 10274 10272 11980 1292
270,17956 4043 8082 17291 8516 7229 10274 10272 11980 1292
283,17956 4043 8082 17291 8516 7229 10274 10272 11980 1292
285,17956 4043 8082 17291 8516 7229 10274 10272 11980 1292
289,17956 4043 8082 17291 8516 7229 10274 10272 11980 1292
294,17956 4043 8082 17291 8516 7229 10274 10272 11980 1292
298,17956 4043 8082 17291 8516 7229 10274 10272 11980 1292
302,17956 4043 8082 17291 8516 7229 10274 10272 11980 1292
307,17956 4043 8082 17291 8516 7229 10274 10272 11980 1292
314,17956 4043 8082 17291 8516 7229 10274 10272 11980 1292
317,17956 4043 8082 17291 8516 7229 10274 10272 11980 1292
321,17956 4043 8082 17291 8516 7229 10274 10272 11980 1292
329,17956 4043 8082 17291 8516 7229 10274 10272 11980 1292
334,17956 4043 8082 17291 8516 7229 10274 10272 11980 1292
343,17956 4043 8082 17291 8516 7229 10274 10272 11980 1292
346,17956 4043 8082 17291 8516 7229 10274 10272 11980 1292
351,17956 4043 8082 17291 8516 7229 10274 10272 11980 1292
356,17956 4043 8082 17291 8516 7229 10274 10272 11980 1292
359,17956 4043 8082 17291 8516 7229 10274 10272 11980 1292
361,17956 4043 8082 17291 8516 7229 10274 10272 11980 1292
364,17956 4043 8082 17291 8516 7229 10274 10272 11980 1292
367,17956 4043 8082 17291 8516 7229 10274 10272 11980 1292
370,17956 4043 8082 17291 8516 7229 10274 10272 11980 1292
372,17956 4043 8082 17291 8516 7229 10274 10272 11980 1292
388,17956 4043 8082 17291 8516 7229 10274 10272 11980 1292
393,17956 4043 8082 17291 8516 7229 10274 10272 11980 1292
397,17956 4043 8082 17291 8516 7229 10274 10272 11980 1292
399,17956 4043 8082 17291 8516 7229 10274 10272 11980 1292
414,17956 4043 8082 17291 8516 7229 10274 10272 11980 1292
417,17956 4043 8082 17291 8516 7229 10274 10272 11980 1292
419,17956 4043 8082 17291 8516 7229 10274 10272 11980 1292
422,17956 4043 8082 17291 8516 7229 10274 10272 11980 1292
425,17956 4043 8082 17291 8516 7229 10274 10272 11980 1292
432,17956 4043 8082 17291 8516 7229 10274 10272 11980 1292
435,17956 4043 8082 17291 8516 7229 10274 10272 11980 1292
438,17956 4043 8082 17291 8516 7229 10274 10272 11980 1292
444,17956 4043 8082 17291 8516 7229 10274 10272 11980 1292
447,17956 4043 8082 17291 8516 7229 10274 10272 11980 1292
459,17956 4043 8082 17291 8516 7229 10274 10272 11980 1292
468,17956 4043 8082 17291 8516 7229 10274 10272 11980 1292
472,17956 4043 8082 17291 8516 7229 10274 10272 11980 1292
474,17956 4043 8082 17291 8516 7229 10274 10272 11980 1292
476,17956 4043 8082 17291 8516 7229 10274 10272 11980 1292
481,17956 4043 8082 17291 8516 7229 10274 10272 11980 1292
483,17956 4043 8082 17291 8516 7229 10274 10272 11980 1292
488,17956 4043 8082 17291 8516 7229 10274 10272 11980 1292
490,17956 4043 8082 17291 8516 7229 10274 10272 11980 1292
492,17956 4043 8082 17291 8516 7229 10274 10272 11980 1292
495,17956 4043 8082 17291 8516 7229 10274 10272 11980 1292
497,17956 4043 8082 17291 8516 7229 10274 10272 11980 1292
500,17956 4043 8082 17291 8516 7229 10274 10272 11980 1292
503,17956 4043 8082 17291 8516 7229 10274 10272 11980 1292
505,17956 4043 8082 17291 8516 7229 10274 10272 11980 1292
511,17956 4043 8082 17291 8516 7229 10274 10272 11980 1292
514,17956 4043 8082 17291 8516 7229 10274 10272 11980 1292
516,17956 4043 8082 17291 8516 7229 10274 10272 11980 1292
521,17956 4043 8082 17291 8516 7229 10274 10272 11980 1292
523,17956 4043 8082 17291 8516 7229 10274 10272 11980 1292
526,17956 4043 8082 17291 8516 7229 10274 10272 11980 1292
528,17956 4043 8082 17291 8516 7229 10274 10272 11980 1292
530,17956 4043 8082 17291 8516 7229 10274 10272 11980 1292
540,17956 4043 8082 17291 8516 7229 10274 10272 11980 1292
544,17956 4043 8082 17291 8516 7229 10274 10272 11980 1292
548,17956 4043 8082 17291 8516 7229 10274 10272 11980 1292
552,17956 4043 8082 17291 8516 7229 10274 10272 11980 1292
562,17956 4043 8082 17291 8516 7229 10274 10272 11980 1292
564,17956 4043 8082 17291 8516 7229 10274 10272 11980 1292
573,17956 4043 8082 17291 8516 7229 10274 10272 11980 1292
577,17956 4043 8082 17291 8516 7229 10274 10272 11980 1292
579,17956 4043 8082 17291 8516 7229 10274 10272 11980 1292
588,17956 4043 8082 17291 8516 7229 10274 10272 11980 1292
592,17956 4043 8082 17291 8516 7229 10274 10272 11980 1292
595,17956 4043 8082 17291 8516 7229 10274 10272 11980 1292
600,17956 4043 8082 17291 8516 7229 10274 10272 11980 1292
603,17956 4043 8082 17291 8516 7229 10274 10272 11980 1292
606,17956 4043 8082 17291 8516 7229 10274 10272 11980 1292
614,17956 4043 8082 17291 8516 7229 10274 10272 11980 1292
618,17956 4043 8082 17291 8516 7229 10274 10272 11980 1292
622,17956 4043 8082 17291 8516 7229 10274 10272 11980 1292
624,17956 4043 8082 17291 8516 7229 10274 10272 11980 1292
628,17956 4043 8082 17291 8516 7229 10274 10272 11980 1292
638,17956 4043 8082 17291 8516 7229 10274 10272 11980 1292
643,17956 4043 8082 17291 8516 7229 10274 10272 11980 1292
645,17956 4043 8082 17291 8516 7229 10274 10272 11980 1292
656,17956 4043 8082 17291 8516 7229 10274 10272 11980 1292
662,17956 4043 8082 17291 8516 7229 10274 10272 11980 1292
667,17956 4043 8082 17291 8516 7229 10274 10272 11980 1292
670,17956 4043 8082 17291 8516 7229 10274 10272 11980 1292
673,17956 4043 8082 17291 8516 7229 10274 10272 11980 1292
675,17956 4043 8082 17291 8516 7229 10274 10272 11980 1292
679,17956 4043 8082 17291 8516 7229 10274 10272 11980 1292
682,17956 4043 8082 17291 8516 7229 10274 10272 11980 1292
685,17956 4043 8082 17291 8516 7229 10274 10272 11980 1292
692,17956 4043 8082 17291 8516 7229 10274 10272 11980 1292
695,17956 4043 8082 17291 8516 7229 10274 10272 11980 1292
702,17956 4043 8082 17291 8516 7229 10274 10272 11980 1292
704,17956 4043 8082 17291 8516 7229 10274 10272 11980 1292
711,17956 4043 8082 17291 8516 7229 10274 10272 11980 1292
714,17956 4043 8082 17291 8516 7229 10274 10272 11980 1292
716,17956 4043 8082 17291 8516 7229 10274 10272 11980 1292
720,17956 4043 8082 17291 8516 7229 10274 10272 11980 1292
728,17956 4043 8082 17291 8516 7229 10274 10272 11980 1292
734,17956 4043 8082 17291 8516 7229 10274 10272 11980 1292
739,17956 4043 8082 17291 8516 7229 10274 10272 11980 1292
744,17956 4043 8082 17291 8516 7229 10274 10272 11980 1292
746,17956 4043 8082 17291 8516 7229 10274 10272 11980 1292
752,17956 4043 8082 17291 8516 7229 10274 10272 11980 1292
756,17956 4043 8082 17291 8516 7229 10274 10272 11980 1292
759,17956 4043 8082 17291 8516 7229 10274 10272 11980 1292
764,17956 4043 8082 17291 8516 7229 10274 10272 11980 1292
769,17956 4043 8082 17291 8516 7229 10274 10272 11980 1292
778,17956 4043 8082 17291 8516 7229 10274 10272 11980 1292
780,17956 4043 8082 17291 8516 7229 10274 10272 11980 1292
782,17956 4043 8082 17291 8516 7229 10274 10272 11980 1292
785,17956 4043 8082 17291 8516 7229 10274 10272 11980 1292
787,17956 4043 8082 17291 8516 7229 10274 10272 11980 1292
793,17956 4043 8082 17291 8516 7229 10274 10272 11980 1292
796,17956 4043 8082 17291 8516 7229 10274 10272 11980 1292
798,17956 4043 8082 17291 8516 7229 10274 10272 11980 1292
802,17956 4043 8082 17291 8516 7229 10274 10272 11980 1292
806,17956 4043 8082 17291 8516 7229 10274 10272 11980 1292
808,17956 4043 8082 17291 8516 7229 10274 10272 11980 1292
811,17956 4043 8082 17291 8516 7229 10274 10272 11980 1292
813,17956 4043 8082 17291 8516 7229 10274 10272 11980 1292
817,17956 4043 8082 17291 8516 7229 10274 10272 11980 1292
820,17956 4043 8082 17291 8516 7229 10274 10272 11980 1292
823,17956 4043 8082 17291 8516 7229 10274 10272 11980 1292
826,17956 4043 8082 17291 8516 7229 10274 10272 11980 1292
833,17956 4043 8082 17291 8516 7229 10274 10272 11980 1292
836,17956 4043 8082 17291 8516 7229 10274 10272 11980 1292
839,17956 4043 8082 17291 8516 7229 10274 10272 11980 1292
842,17956 4043 8082 17291 8516 7229 10274 10272 11980 1292
844,17956 4043 8082 17291 8516 7229 10274 10272 11980 1292
849,17956 4043 8082 17291 8516 7229 10274 10272 11980 1292
854,17956 4043 8082 17291 8516 7229 10274 10272 11980 1292
857,17956 4043 8082 17291 8516 7229 10274 10272 11980 1292
861,17956 4043 8082 17291 8516 7229 10274 10272 11980 1292
863,17956 4043 8082 17291 8516 7229 10274 10272 11980 1292
866,17956 4043 8082 17291 8516 7229 10274 10272 11980 1292
868,17956 4043 8082 17291 8516 7229 10274 10272 11980 1292
870,17956 4043 8082 17291 8516 7229 10274 10272 11980 1292
872,17956 4043 8082 17291 8516 7229 10274 10272 11980 1292
874,17956 4043 8082 17291 8516 7229 10274 10272 11980 1292
880,17956 4043 8082 17291 8516 7229 10274 10272 11980 1292
885,17956 4043 8082 17291 8516 7229 10274 10272 11980 1292
889,17956 4043 8082 17291 8516 7229 10274 10272 11980 1292
891,17956 4043 8082 17291 8516 7229 10274 10272 11980 1292
895,17956 4043 8082 17291 8516 7229 10274 10272 11980 1292
898,17956 4043 8082 17291 8516 7229 10274 10272 11980 1292
904,17956 4043 8082 17291 8516 7229 10274 10272 11980 1292
912,17956 4043 8082 17291 8516 7229 10274 10272 11980 1292
920,17956 4043 8082 17291 8516 7229 10274 10272 11980 1292
923,17956 4043 8082 17291 8516 7229 10274 10272 11980 1292
937,17956 4043 8082 17291 8516 7229 10274 10272 11980 1292
939,17956 4043 8082 17291 8516 7229 10274 10272 11980 1292
943,17956 4043 8082 17291 8516 7229 10274 10272 11980 1292
955,17956 4043 8082 17291 8516 7229 10274 10272 11980 1292
957,17956 4043 8082 17291 8516 7229 10274 10272 11980 1292
959,17956 4043 8082 17291 8516 7229 10274 10272 11980 1292
964,17956 4043 8082 17291 8516 7229 10274 10272 11980 1292
967,17956 4043 8082 17291 8516 7229 10274 10272 11980 1292
969,17956 4043 8082 17291 8516 7229 10274 10272 11980 1292
971,17956 4043 8082 17291 8516 7229 10274 10272 11980 1292
976,17956 4043 8082 17291 8516 7229 10274 10272 11980 1292
980,17956 4043 8082 17291 8516 7229 10274 10272 11980 1292
986,17956 4043 8082 17291 8516 7229 10274 10272 11980 1292
988,17956 4043 8082 17291 8516 7229 10274 10272 11980 1292
990,17956 4043 8082 17291 8516 7229 10274 10272 11980 1292
992,17956 4043 8082 17291 8516 7229 10274 10272 11980 1292
994,17956 4043 8082 17291 8516 7229 10274 10272 11980 1292
1000,17956 4043 8082 17291 8516 7229 10274 10272 11980 1292
1002,17956 4043 8082 17291 8516 7229 10274 10272 11980 1292
1005,17956 4043 8082 17291 8516 7229 10274 10272 11980 1292
1008,17956 4043 8082 17291 8516 7229 10274 10272 11980 1292
1012,17956 4043 8082 17291 8516 7229 10274 10272 11980 1292
1015,17956 4043 8082 17291 8516 7229 10274 10272 11980 1292
1017,17956 4043 8082 17291 8516 7229 10274 10272 11980 1292
1019,17956 4043 8082 17291 8516 7229 10274 10272 11980 1292
1023,17956 4043 8082 17291 8516 7229 10274 10272 11980 1292
1027,17956 4043 8082 17291 8516 7229 10274 10272 11980 1292
1029,17956 4043 8082 17291 8516 7229 10274 10272 11980 1292
1037,17956 4043 8082 17291 8516 7229 10274 10272 11980 1292
1040,17956 4043 8082 17291 8516 7229 10274 10272 11980 1292
1043,17956 4043 8082 17291 8516 7229 10274 10272 11980 1292
1047,17956 4043 8082 17291 8516 7229 10274 10272 11980 1292
1049,17956 4043 8082 17291 8516 7229 10274 10272 11980 1292
1051,17956 4043 8082 17291 8516 7229 10274 10272 11980 1292
1056,17956 4043 8082 17291 8516 7229 10274 10272 11980 1292
1063,17956 4043 8082 17291 8516 7229 10274 10272 11980 1292
1077,17956 4043 8082 17291 8516 7229 10274 10272 11980 1292
1082,17956 4043 8082 17291 8516 7229 10274 10272 11980 1292
1086,17956 4043 8082 17291 8516 7229 10274 10272 11980 1292
1097,17956 4043 8082 17291 8516 7229 10274 10272 11980 1292
1099,17956 4043 8082 17291 8516 7229 10274 10272 11980 1292
1103,17956 4043 8082 17291 8516 7229 10274 10272 11980 1292
1108,17956 4043 8082 17291 8516 7229 10274 10272 11980 1292
1115,17956 4043 8082 17291 8516 7229 10274 10272 11980 1292
1118,17956 4043 8082 17291 8516 7229 10274 10272 11980 1292
1120,17956 4043 8082 17291 8516 7229 10274 10272 11980 1292
1126,17956 4043 8082 17291 8516 7229 10274 10272 11980 1292
1132,17956 4043 8082 17291 8516 7229 10274 10272 11980 1292
1134,17956 4043 8082 17291 8516 7229 10274 10272 11980 1292
1140,17956 4043 8082 17291 8516 7229 10274 10272 11980 1292
1145,17956 4043 8082 17291 8516 7229 10274 10272 11980 1292
1148,17956 4043 8082 17291 8516 7229 10274 10272 11980 1292
1150,17956 4043 8082 17291 8516 7229 10274 10272 11980 1292
1152,17956 4043 8082 17291 8516 7229 10274 10272 11980 1292
1156,17956 4043 8082 17291 8516 7229 10274 10272 11980 1292
1159,17956 4043 8082 17291 8516 7229 10274 10272 11980 1292
1174,17956 4043 8082 17291 8516 7229 10274 10272 11980 1292
1178,17956 4043 8082 17291 8516 7229 10274 10272 11980 1292
1183,17956 4043 8082 17291 8516 7229 10274 10272 11980 1292
1186,17956 4043 8082 17291 8516 7229 10274 10272 11980 1292
1192,17956 4043 8082 17291 8516 7229 10274 10272 11980 1292
1195,17956 4043 8082 17291 8516 7229 10274 10272 11980 1292
1199,17956 4043 8082 17291 8516 7229 10274 10272 11980 1292
1205,17956 4043 8082 17291 8516 7229 10274 10272 11980 1292
1209,17956 4043 8082 17291 8516 7229 10274 10272 11980 1292
1213,17956 4043 8082 17291 8516 7229 10274 10272 11980 1292
1217,17956 4043 8082 17291 8516 7229 10274 10272 11980 1292
1219,17956 4043 8082 17291 8516 7229 10274 10272 11980 1292
1222,17956 4043 8082 17291 8516 7229 10274 10272 11980 1292
1224,17956 4043 8082 17291 8516 7229 10274 10272 11980 1292
1230,17956 4043 8082 17291 8516 7229 10274 10272 11980 1292
1233,17956 4043 8082 17291 8516 7229 10274 10272 11980 1292
1237,17956 4043 8082 17291 8516 7229 10274 10272 11980 1292
1245,17956 4043 8082 17291 8516 7229 10274 10272 11980 1292
1248,17956 4043 8082 17291 8516 7229 10274 10272 11980 1292
1250,17956 4043 8082 17291 8516 7229 10274 10272 11980 1292
1257,17956 4043 8082 17291 8516 7229 10274 10272 11980 1292
1261,17956 4043 8082 17291 8516 7229 10274 10272 11980 1292
1265,17956 4043 8082 17291 8516 7229 10274 10272 11980 1292
1268,17956 4043 8082 17291 8516 7229 10274 10272 11980 1292
1270,17956 4043 8082 17291 8516 7229 10274 10272 11980 1292
1278,17956 4043 8082 17291 8516 7229 10274 10272 11980 1292
1283,17956 4043 8082 17291 8516 7229 10274 10272 11980 1292
1286,17956 4043 8082 17291 8516 7229 10274 10272 11980 1292
1288,17956 4043 8082 17291 8516 7229 10274 10272 11980 1292
1297,17956 4043 8082 17291 8516 7229 10274 10272 11980 1292
1299,17956 4043 8082 17291 8516 7229 10274 10272 11980 1292
1305,17956 4043 8082 17291 8516 7229 10274 10272 11980 1292
1324,17956 4043 8082 17291 8516 7229 10274 10272 11980 1292
1327,17956 4043 8082 17291 8516 7229 10274 10272 11980 1292
1329,17956 4043 8082 17291 8516 7229 10274 10272 11980 1292
1336,17956 4043 8082 17291 8516 7229 10274 10272 11980 1292
1339,17956 4043 8082 17291 8516 7229 10274 10272 11980 1292
1341,17956 4043 8082 17291 8516 7229 10274 10272 11980 1292
1348,17956 4043 8082 17291 8516 7229 10274 10272 11980 1292
1353,17956 4043 8082 17291 8516 7229 10274 10272 11980 1292
1358,17956 4043 8082 17291 8516 7229 10274 10272 11980 1292
1361,17956 4043 8082 17291 8516 7229 10274 10272 11980 1292
1365,17956 4043 8082 17291 8516 7229 10274 10272 11980 1292
1369,17956 4043 8082 17291 8516 7229 10274 10272 11980 1292
1374,17956 4043 8082 17291 8516 7229 10274 10272 11980 1292
1377,17956 4043 8082 17291 8516 7229 10274 10272 11980 1292
1380,17956 4043 8082 17291 8516 7229 10274 10272 11980 1292
1391,17956 4043 8082 17291 8516 7229 10274 10272 11980 1292
1393,17956 4043 8082 17291 8516 7229 10274 10272 11980 1292
1396,17956 4043 8082 17291 8516 7229 10274 10272 11980 1292
1398,17956 4043 8082 17291 8516 7229 10274 10272 11980 1292
1402,17956 4043 8082 17291 8516 7229 10274 10272 11980 1292
1405,17956 4043 8082 17291 8516 7229 10274 10272 11980 1292
1408,17956 4043 8082 17291 8516 7229 10274 10272 11980 1292
1411,17956 4043 8082 17291 8516 7229 10274 10272 11980 1292
1416,17956 4043 8082 17291 8516 7229 10274 10272 11980 1292
1419,17956 4043 8082 17291 8516 7229 10274 10272 11980 1292
1421,17956 4043 8082 17291 8516 7229 10274 10272 11980 1292
1423,17956 4043 8082 17291 8516 7229 10274 10272 11980 1292
1427,17956 4043 8082 17291 8516 7229 10274 10272 11980 1292
1430,17956 4043 8082 17291 8516 7229 10274 10272 11980 1292
1435,17956 4043 8082 17291 8516 7229 10274 10272 11980 1292
1438,17956 4043 8082 17291 8516 7229 10274 10272 11980 1292
1442,17956 4043 8082 17291 8516 7229 10274 10272 11980 1292
1449,17956 4043 8082 17291 8516 7229 10274 10272 11980 1292
1454,17956 4043 8082 17291 8516 7229 10274 10272 11980 1292
1458,17956 4043 8082 17291 8516 7229 10274 10272 11980 1292
1460,17956 4043 8082 17291 8516 7229 10274 10272 11980 1292
1462,17956 4043 8082 17291 8516 7229 10274 10272 11980 1292
1469,17956 4043 8082 17291 8516 7229 10274 10272 11980 1292
1471,17956 4043 8082 17291 8516 7229 10274 10272 11980 1292
1473,17956 4043 8082 17291 8516 7229 10274 10272 11980 1292
1476,17956 4043 8082 17291 8516 7229 10274 10272 11980 1292
1479,17956 4043 8082 17291 8516 7229 10274 10272 11980 1292
1482,17956 4043 8082 17291 8516 7229 10274 10272 11980 1292
1490,17956 4043 8082 17291 8516 7229 10274 10272 11980 1292
1493,17956 4043 8082 17291 8516 7229 10274 10272 11980 1292
1495,17956 4043 8082 17291 8516 7229 10274 10272 11980 1292
1501,17956 4043 8082 17291 8516 7229 10274 10272 11980 1292
1504,17956 4043 8082 17291 8516 7229 10274 10272 11980 1292
1507,17956 4043 8082 17291 8516 7229 10274 10272 11980 1292
1510,17956 4043 8082 17291 8516 7229 10274 10272 11980 1292
1515,17956 4043 8082 17291 8516 7229 10274 10272 11980 1292
1520,17956 4043 8082 17291 8516 7229 10274 10272 11980 1292
1525,17956 4043 8082 17291 8516 7229 10274 10272 11980 1292
1529,17956 4043 8082 17291 8516 7229 10274 10272 11980 1292
1535,17956 4043 8082 17291 8516 7229 10274 10272 11980 1292
1537,17956 4043 8082 17291 8516 7229 10274 10272 11980 1292
1539,17956 4043 8082 17291 8516 7229 10274 10272 11980 1292
1544,17956 4043 8082 17291 8516 7229 10274 10272 11980 1292
1548,17956 4043 8082 17291 8516 7229 10274 10272 11980 1292
1551,17956 4043 8082 17291 8516 7229 10274 10272 11980 1292
1554,17956 4043 8082 17291 8516 7229 10274 10272 11980 1292
1558,17956 4043 8082 17291 8516 7229 10274 10272 11980 1292
1564,17956 4043 8082 17291 8516 7229 10274 10272 11980 1292
1574,17956 4043 8082 17291 8516 7229 10274 10272 11980 1292
1577,17956 4043 8082 17291 8516 7229 10274 10272 11980 1292
1579,17956 4043 8082 17291 8516 7229 10274 10272 11980 1292
1588,17956 4043 8082 17291 8516 7229 10274 10272 11980 1292
1591,17956 4043 8082 17291 8516 7229 10274 10272 11980 1292
1595,17956 4043 8082 17291 8516 7229 10274 10272 11980 1292
1599,17956 4043 8082 17291 8516 7229 10274 10272 11980 1292
1601,17956 4043 8082 17291 8516 7229 10274 10272 11980 1292
1605,17956 4043 8082 17291 8516 7229 10274 10272 11980 1292
1609,17956 4043 8082 17291 8516 7229 10274 10272 11980 1292
1617,17956 4043 8082 17291 8516 7229 10274 10272 11980 1292
1620,17956 4043 8082 17291 8516 7229 10274 10272 11980 1292
1623,17956 4043 8082 17291 8516 7229 10274 10272 11980 1292
1625,17956 4043 8082 17291 8516 7229 10274 10272 11980 1292
1632,17956 4043 8082 17291 8516 7229 10274 10272 11980 1292
1639,17956 4043 8082 17291 8516 7229 10274 10272 11980 1292
1641,17956 4043 8082 17291 8516 7229 10274 10272 11980 1292
1643,17956 4043 8082 17291 8516 7229 10274 10272 11980 1292
1654,17956 4043 8082 17291 8516 7229 10274 10272 11980 1292
1666,17956 4043 8082 17291 8516 7229 10274 10272 11980 1292
1671,17956 4043 8082 17291 8516 7229 10274 10272 11980 1292
1674,17956 4043 8082 17291 8516 7229 10274 10272 11980 1292
1677,17956 4043 8082 17291 8516 7229 10274 10272 11980 1292
1680,17956 4043 8082 17291 8516 7229 10274 10272 11980 1292
1682,17956 4043 8082 17291 8516 7229 10274 10272 11980 1292
1686,17956 4043 8082 17291 8516 7229 10274 10272 11980 1292
1689,17956 4043 8082 17291 8516 7229 10274 10272 11980 1292
1697,17956 4043 8082 17291 8516 7229 10274 10272 11980 1292
1699,17956 4043 8082 17291 8516 7229 10274 10272 11980 1292
1704,17956 4043 8082 17291 8516 7229 10274 10272 11980 1292
1707,17956 4043 8082 17291 8516 7229 10274 10272 11980 1292
1711,17956 4043 8082 17291 8516 7229 10274 10272 11980 1292
1713,17956 4043 8082 17291 8516 7229 10274 10272 11980 1292
1715,17956 4043 8082 17291 8516 7229 10274 10272 11980 1292
1717,17956 4043 8082 17291 8516 7229 10274 10272 11980 1292
1723,17956 4043 8082 17291 8516 7229 10274 10272 11980 1292
1726,17956 4043 8082 17291 8516 7229 10274 10272 11980 1292
1730,17956 4043 8082 17291 8516 7229 10274 10272 11980 1292
1736,17956 4043 8082 17291 8516 7229 10274 10272 11980 1292
1739,17956 4043 8082 17291 8516 7229 10274 10272 11980 1292
1743,17956 4043 8082 17291 8516 7229 10274 10272 11980 1292
1745,17956 4043 8082 17291 8516 7229 10274 10272 11980 1292
1754,17956 4043 8082 17291 8516 7229 10274 10272 11980 1292
1757,17956 4043 8082 17291 8516 7229 10274 10272 11980 1292
1760,17956 4043 8082 17291 8516 7229 10274 10272 11980 1292
1764,17956 4043 8082 17291 8516 7229 10274 10272 11980 1292
1769,17956 4043 8082 17291 8516 7229 10274 10272 11980 1292
1771,17956 4043 8082 17291 8516 7229 10274 10272 11980 1292
1777,17956 4043 8082 17291 8516 7229 10274 10272 11980 1292
1779,17956 4043 8082 17291 8516 7229 10274 10272 11980 1292
1783,17956 4043 8082 17291 8516 7229 10274 10272 11980 1292
1785,17956 4043 8082 17291 8516 7229 10274 10272 11980 1292
1790,17956 4043 8082 17291 8516 7229 10274 10272 11980 1292
1792,17956 4043 8082 17291 8516 7229 10274 10272 11980 1292
1794,17956 4043 8082 17291 8516 7229 10274 10272 11980 1292
1797,17956 4043 8082 17291 8516 7229 10274 10272 11980 1292
1802,17956 4043 8082 17291 8516 7229 10274 10272 11980 1292
1806,17956 4043 8082 17291 8516 7229 10274 10272 11980 1292
1808,17956 4043 8082 17291 8516 7229 10274 10272 11980 1292
1811,17956 4043 8082 17291 8516 7229 10274 10272 11980 1292
1817,17956 4043 8082 17291 8516 7229 10274 10272 11980 1292
1823,17956 4043 8082 17291 8516 7229 10274 10272 11980 1292
1825,17956 4043 8082 17291 8516 7229 10274 10272 11980 1292
1829,17956 4043 8082 17291 8516 7229 10274 10272 11980 1292
1832,17956 4043 8082 17291 8516 7229 10274 10272 11980 1292
1837,17956 4043 8082 17291 8516 7229 10274 10272 11980 1292
1840,17956 4043 8082 17291 8516 7229 10274 10272 11980 1292
1851,17956 4043 8082 17291 8516 7229 10274 10272 11980 1292
1856,17956 4043 8082 17291 8516 7229 10274 10272 11980 1292
1859,17956 4043 8082 17291 8516 7229 10274 10272 11980 1292
1862,17956 4043 8082 17291 8516 7229 10274 10272 11980 1292
1869,17956 4043 8082 17291 8516 7229 10274 10272 11980 1292
1876,17956 4043 8082 17291 8516 7229 10274 10272 11980 1292
1878,17956 4043 8082 17291 8516 7229 10274 10272 11980 1292
1881,17956 4043 8082 17291 8516 7229 10274 10272 11980 1292
1885,17956 4043 8082 17291 8516 7229 10274 10272 11980 1292
1888,17956 4043 8082 17291 8516 7229 10274 10272 11980 1292
1892,17956 4043 8082 17291 8516 7229 10274 10272 11980 1292
1894,17956 4043 8082 17291 8516 7229 10274 10272 11980 1292
1896,17956 4043 8082 17291 8516 7229 10274 10272 11980 1292
1900,17956 4043 8082 17291 8516 7229 10274 10272 11980 1292
1912,17956 4043 8082 17291 8516 7229 10274 10272 11980 1292
1914,17956 4043 8082 17291 8516 7229 10274 10272 11980 1292
1919,17956 4043 8082 17291 8516 7229 10274 10272 11980 1292
1921,17956 4043 8082 17291 8516 7229 10274 10272 11980 1292
1923,17956 4043 8082 17291 8516 7229 10274 10272 11980 1292
1926,17956 4043 8082 17291 8516 7229 10274 10272 11980 1292
1930,17956 4043 8082 17291 8516 7229 10274 10272 11980 1292
1933,17956 4043 8082 17291 8516 7229 10274 10272 11980 1292
1936,17956 4043 8082 17291 8516 7229 10274 10272 11980 1292
1938,17956 4043 8082 17291 8516 7229 10274 10272 11980 1292
1940,17956 4043 8082 17291 8516 7229 10274 10272 11980 1292
1944,17956 4043 8082 17291 8516 7229 10274 10272 11980 1292
1952,17956 4043 8082 17291 8516 7229 10274 10272 11980 1292
1962,17956 4043 8082 17291 8516 7229 10274 10272 11980 1292
1973,17956 4043 8082 17291 8516 7229 10274 10272 11980 1292
1976,17956 4043 8082 17291 8516 7229 10274 10272 11980 1292
1978,17956 4043 8082 17291 8516 7229 10274 10272 11980 1292
1984,17956 4043 8082 17291 8516 7229 10274 10272 11980 1292
1988,17956 4043 8082 17291 8516 7229 10274 10272 11980 1292
1990,17956 4043 8082 17291 8516 7229 10274 10272 11980 1292
1992,17956 4043 8082 17291 8516 7229 10274 10272 11980 1292
1998,17956 4043 8082 17291 8516 7229 10274 10272 11980 1292
2004,17956 4043 8082 17291 8516 7229 10274 10272 11980 1292
2006,17956 4043 8082 17291 8516 7229 10274 10272 11980 1292
2015,17956 4043 8082 17291 8516 7229 10274 10272 11980 1292
2017,17956 4043 8082 17291 8516 7229 10274 10272 11980 1292
2019,17956 4043 8082 17291 8516 7229 10274 10272 11980 1292
2022,17956 4043 8082 17291 8516 7229 10274 10272 11980 1292
2026,17956 4043 8082 17291 8516 7229 10274 10272 11980 1292
2031,17956 4043 8082 17291 8516 7229 10274 10272 11980 1292
2035,17956 4043 8082 17291 8516 7229 10274 10272 11980 1292
2040,17956 4043 8082 17291 8516 7229 10274 10272 11980 1292
2042,17956 4043 8082 17291 8516 7229 10274 10272 11980 1292
2047,17956 4043 8082 17291 8516 7229 10274 10272 11980 1292
2052,17956 4043 8082 17291 8516 7229 10274 10272 11980 1292
2054,17956 4043 8082 17291 8516 7229 10274 10272 11980 1292
2057,17956 4043 8082 17291 8516 7229 10274 10272 11980 1292
2060,17956 4043 8082 17291 8516 7229 10274 10272 11980 1292
2062,17956 4043 8082 17291 8516 7229 10274 10272 11980 1292
2066,17956 4043 8082 17291 8516 7229 10274 10272 11980 1292
2069,17956 4043 8082 17291 8516 7229 10274 10272 11980 1292
2071,17956 4043 8082 17291 8516 7229 10274 10272 11980 1292
2073,17956 4043 8082 17291 8516 7229 10274 10272 11980 1292
2076,17956 4043 8082 17291 8516 7229 10274 10272 11980 1292
2078,17956 4043 8082 17291 8516 7229 10274 10272 11980 1292
2080,17956 4043 8082 17291 8516 7229 10274 10272 11980 1292
2082,17956 4043 8082 17291 8516 7229 10274 10272 11980 1292
2090,17956 4043 8082 17291 8516 7229 10274 10272 11980 1292
2094,17956 4043 8082 17291 8516 7229 10274 10272 11980 1292
2096,17956 4043 8082 17291 8516 7229 10274 10272 11980 1292
2099,17956 4043 8082 17291 8516 7229 10274 10272 11980 1292
2102,17956 4043 8082 17291 8516 7229 10274 10272 11980 1292
2104,17956 4043 8082 17291 8516 7229 10274 10272 11980 1292
2107,17956 4043 8082 17291 8516 7229 10274 10272 11980 1292
2115,17956 4043 8082 17291 8516 7229 10274 10272 11980 1292
2122,17956 4043 8082 17291 8516 7229 10274 10272 11980 1292
2126,17956 4043 8082 17291 8516 7229 10274 10272 11980 1292
2128,17956 4043 8082 17291 8516 7229 10274 10272 11980 1292
2134,17956 4043 8082 17291 8516 7229 10274 10272 11980 1292
2137,17956 4043 8082 17291 8516 7229 10274 10272 11980 1292
2144,17956 4043 8082 17291 8516 7229 10274 10272 11980 1292
2150,17956 4043 8082 17291 8516 7229 10274 10272 11980 1292
2158,17956 4043 8082 17291 8516 7229 10274 10272 11980 1292
2162,17956 4043 8082 17291 8516 7229 10274 10272 11980 1292
2165,17956 4043 8082 17291 8516 7229 10274 10272 11980 1292
2167,17956 4043 8082 17291 8516 7229 10274 10272 11980 1292
2169,17956 4043 8082 17291 8516 7229 10274 10272 11980 1292
2179,17956 4043 8082 17291 8516 7229 10274 10272 11980 1292
2182,17956 4043 8082 17291 8516 7229 10274 10272 11980 1292
2188,17956 4043 8082 17291 8516 7229 10274 10272 11980 1292
2192,17956 4043 8082 17291 8516 7229 10274 10272 11980 1292
2197,17956 4043 8082 17291 8516 7229 10274 10272 11980 1292
2206,17956 4043 8082 17291 8516 7229 10274 10272 11980 1292
2210,17956 4043 8082 17291 8516 7229 10274 10272 11980 1292
2214,17956 4043 8082 17291 8516 7229 10274 10272 11980 1292
2218,17956 4043 8082 17291 8516 7229 10274 10272 11980 1292
2223,17956 4043 8082 17291 8516 7229 10274 10272 11980 1292
2228,17956 4043 8082 17291 8516 7229 10274 10272 11980 1292
2231,17956 4043 8082 17291 8516 7229 10274 10272 11980 1292
2234,17956 4043 8082 17291 8516 7229 10274 10272 11980 1292
2238,17956 4043 8082 17291 8516 7229 10274 10272 11980 1292
2246,17956 4043 8082 17291 8516 7229 10274 10272 11980 1292
2249,17956 4043 8082 17291 8516 7229 10274 10272 11980 1292
2252,17956 4043 8082 17291 8516 7229 10274 10272 11980 1292
2256,17956 4043 8082 17291 8516 7229 10274 10272 11980 1292
2264,17956 4043 8082 17291 8516 7229 10274 10272 11980 1292
2268,17956 4043 8082 17291 8516 7229 10274 10272 11980 1292
2271,17956 4043 8082 17291 8516 7229 10274 10272 11980 1292
2275,17956 4043 8082 17291 8516 7229 10274 10272 11980 1292
2279,17956 4043 8082 17291 8516 7229 10274 10272 11980 1292
2281,17956 4043 8082 17291 8516 7229 10274 10272 11980 1292
2287,17956 4043 8082 17291 8516 7229 10274 10272 11980 1292
2292,17956 4043 8082 17291 8516 7229 10274 10272 11980 1292
2299,17956 4043 8082 17291 8516 7229 10274 10272 11980 1292
2303,17956 4043 8082 17291 8516 7229 10274 10272 11980 1292
2305,17956 4043 8082 17291 8516 7229 10274 10272 11980 1292
2307,17956 4043 8082 17291 8516 7229 10274 10272 11980 1292
