[{"topK": 43, "shrink": 4, "similarity": "jaccard", "normalize": false}, {"topK": 5, "shrink": 120, "similarity": "jaccard", "normalize": false}, {"topK": 70, "shrink": 0, "similarity": "jaccard", "normalize": false}, {"topK": 70, "shrink": 120, "similarity": "jaccard", "normalize": false}, {"topK": 70, "shrink": 116, "similarity": "jaccard", "normalize": false}, {"topK": 70, "shrink": 0, "similarity": "jaccard", "normalize": false}, {"topK": 70, "shrink": 0, "similarity": "jaccard", "normalize": false}, {"topK": 70, "shrink": 119, "similarity": "jaccard", "normalize": false}, null, null]