ALPHA:1e-05, MAX_ITER: 5, TOL:1e-05, TOPK:5
{'precision': 0.001454402515723267, 'recall': 0.0017690678035477284, 'MAP': 0.0017280856918238995}

ALPHA:1e-05, MAX_ITER: 5, TOL:1e-05, TOPK:10
{'precision': 0.002967767295597499, 'recall': 0.0036416437508850485, 'MAP': 0.0033733921864081123}

ALPHA:1e-05, MAX_ITER: 5, TOL:1e-05, TOPK:20
{'precision': 0.00558176100628936, 'recall': 0.007311628520066911, 'MAP': 0.007075744671558351}

ALPHA:1e-05, MAX_ITER: 5, TOL:1e-05, TOPK:50
{'precision': 0.012784984276729297, 'recall': 0.0183477160254777, 'MAP': 0.015953837460691747}

ALPHA:1e-05, MAX_ITER: 5, TOL:1e-05, TOPK:100
{'precision': 0.01670597484276683, 'recall': 0.025324170141656006, 'MAP': 0.020221176733927235}

ALPHA:1e-05, MAX_ITER: 5, TOL:0.0001, TOPK:5
{'precision': 0.001562499999999996, 'recall': 0.0018513119899990465, 'MAP': 0.001786269981656186}

ALPHA:1e-05, MAX_ITER: 5, TOL:0.0001, TOPK:10
{'precision': 0.0026336477987421486, 'recall': 0.003425604652262605, 'MAP': 0.0031290127096436126}

ALPHA:1e-05, MAX_ITER: 5, TOL:0.0001, TOPK:20
{'precision': 0.004775943396226455, 'recall': 0.006183689459410039, 'MAP': 0.0058490839011181035}

ALPHA:1e-05, MAX_ITER: 5, TOL:0.0001, TOPK:50
{'precision': 0.012706367924528044, 'recall': 0.0182094665316851, 'MAP': 0.015625532298217962}

ALPHA:1e-05, MAX_ITER: 5, TOL:0.0001, TOPK:100
{'precision': 0.017079402515722788, 'recall': 0.02593615473532771, 'MAP': 0.020801163412823117}

ALPHA:1e-05, MAX_ITER: 5, TOL:0.001, TOPK:5
{'precision': 0.0015231918238993673, 'recall': 0.0018064489642486158, 'MAP': 0.0017762382075471712}

ALPHA:1e-05, MAX_ITER: 5, TOL:0.001, TOPK:10
{'precision': 0.0028007075471698237, 'recall': 0.0036020278089878783, 'MAP': 0.0032618142907058075}

ALPHA:1e-05, MAX_ITER: 5, TOL:0.001, TOPK:20
{'precision': 0.00531643081761011, 'recall': 0.007015559340529917, 'MAP': 0.006863016465758213}

ALPHA:1e-05, MAX_ITER: 5, TOL:0.001, TOPK:50
{'precision': 0.012971698113207279, 'recall': 0.018728076992883414, 'MAP': 0.016121852616177417}

ALPHA:1e-05, MAX_ITER: 5, TOL:0.001, TOPK:100
{'precision': 0.01727594339622592, 'recall': 0.026053820206066707, 'MAP': 0.02081483938242481}

ALPHA:1e-05, MAX_ITER: 5, TOL:0.01, TOPK:5
{'precision': 0.0013954402515723237, 'recall': 0.001750400965432973, 'MAP': 0.0016343329620894479}

ALPHA:1e-05, MAX_ITER: 5, TOL:0.01, TOPK:10
{'precision': 0.002761399371069194, 'recall': 0.0034407817928472193, 'MAP': 0.003207478926450041}

ALPHA:1e-05, MAX_ITER: 5, TOL:0.01, TOPK:20
{'precision': 0.005758647798742193, 'recall': 0.007412664421677176, 'MAP': 0.007172595649895174}

ALPHA:1e-05, MAX_ITER: 5, TOL:0.01, TOPK:50
{'precision': 0.012784984276729293, 'recall': 0.018440110471504196, 'MAP': 0.016048177083333268}

ALPHA:1e-05, MAX_ITER: 5, TOL:0.01, TOPK:100
{'precision': 0.01738404088050265, 'recall': 0.02637398932728463, 'MAP': 0.02091158117138357}

ALPHA:1e-05, MAX_ITER: 10, TOL:1e-05, TOPK:5
{'precision': 0.0014249213836477952, 'recall': 0.0016571653071369423, 'MAP': 0.0016240009171907754}

ALPHA:1e-05, MAX_ITER: 10, TOL:1e-05, TOPK:10
{'precision': 0.0027417452830188795, 'recall': 0.003480916320378563, 'MAP': 0.0032590163128930886}

ALPHA:1e-05, MAX_ITER: 10, TOL:1e-05, TOPK:20
{'precision': 0.005365566037735897, 'recall': 0.0070481563946544114, 'MAP': 0.006776047126135569}

ALPHA:1e-05, MAX_ITER: 10, TOL:1e-05, TOPK:50
{'precision': 0.012952044025156961, 'recall': 0.018576909859166622, 'MAP': 0.016133699663696634}

ALPHA:1e-05, MAX_ITER: 10, TOL:1e-05, TOPK:100
{'precision': 0.016922169811320286, 'recall': 0.025502365211624287, 'MAP': 0.02021332874737937}

ALPHA:1e-05, MAX_ITER: 10, TOL:0.0001, TOPK:5
{'precision': 0.0014150943396226382, 'recall': 0.0016335938728933381, 'MAP': 0.0015886645047169805}

ALPHA:1e-05, MAX_ITER: 10, TOL:0.0001, TOPK:10
{'precision': 0.002633647798742148, 'recall': 0.0032545521114237387, 'MAP': 0.003094167649371075}

ALPHA:1e-05, MAX_ITER: 10, TOL:0.0001, TOPK:20
{'precision': 0.005365566037735897, 'recall': 0.007105077857334523, 'MAP': 0.0068481121156533905}

ALPHA:1e-05, MAX_ITER: 10, TOL:0.0001, TOPK:50
{'precision': 0.01283411949685508, 'recall': 0.018460356393061966, 'MAP': 0.01599137130939894}

ALPHA:1e-05, MAX_ITER: 10, TOL:0.0001, TOPK:100
{'precision': 0.017433176100628434, 'recall': 0.02632910852899194, 'MAP': 0.02093587580800131}

ALPHA:1e-05, MAX_ITER: 10, TOL:0.001, TOPK:5
{'precision': 0.001405267295597481, 'recall': 0.0017485071714003863, 'MAP': 0.0016690824816561845}

ALPHA:1e-05, MAX_ITER: 10, TOL:0.001, TOPK:10
{'precision': 0.0028007075471698237, 'recall': 0.0034841410497390914, 'MAP': 0.0032938067784765972}

ALPHA:1e-05, MAX_ITER: 10, TOL:0.001, TOPK:20
{'precision': 0.005286949685534639, 'recall': 0.006901218688754441, 'MAP': 0.006641662299091547}

ALPHA:1e-05, MAX_ITER: 10, TOL:0.001, TOPK:50
{'precision': 0.01289308176100602, 'recall': 0.018517058999640058, 'MAP': 0.016101079337002017}

ALPHA:1e-05, MAX_ITER: 10, TOL:0.001, TOPK:100
{'precision': 0.017207154088049827, 'recall': 0.025996234485215028, 'MAP': 0.020600609822676363}

ALPHA:1e-05, MAX_ITER: 10, TOL:0.01, TOPK:5
{'precision': 0.0014249213836477952, 'recall': 0.0016953815894569975, 'MAP': 0.001611594274109014}

ALPHA:1e-05, MAX_ITER: 10, TOL:0.01, TOPK:10
{'precision': 0.0026729559748427775, 'recall': 0.003361973118445975, 'MAP': 0.0031580434355345977}

ALPHA:1e-05, MAX_ITER: 10, TOL:0.01, TOPK:20
{'precision': 0.0053262578616352675, 'recall': 0.006941666026764671, 'MAP': 0.00666300882250175}

ALPHA:1e-05, MAX_ITER: 10, TOL:0.01, TOPK:50
{'precision': 0.012843946540880237, 'recall': 0.018422064621793615, 'MAP': 0.016020647711390553}

ALPHA:1e-05, MAX_ITER: 10, TOL:0.01, TOPK:100
{'precision': 0.01705974842767248, 'recall': 0.025896966317563157, 'MAP': 0.020558312587351423}

ALPHA:1e-05, MAX_ITER: 20, TOL:1e-05, TOPK:5
{'precision': 0.0014150943396226382, 'recall': 0.0016639896432655236, 'MAP': 0.0016242056472746326}

ALPHA:1e-05, MAX_ITER: 20, TOL:1e-05, TOPK:10
{'precision': 0.0027220911949685646, 'recall': 0.0034399082641877235, 'MAP': 0.003210290552935017}

ALPHA:1e-05, MAX_ITER: 20, TOL:1e-05, TOPK:20
{'precision': 0.005257468553459166, 'recall': 0.0069011601944447675, 'MAP': 0.006621926319007689}

ALPHA:1e-05, MAX_ITER: 20, TOL:1e-05, TOPK:50
{'precision': 0.01273584905660351, 'recall': 0.018321968162287237, 'MAP': 0.01596820951257854}

ALPHA:1e-05, MAX_ITER: 20, TOL:1e-05, TOPK:100
{'precision': 0.017089229559747947, 'recall': 0.02578268948614526, 'MAP': 0.02054541459206839}

ALPHA:1e-05, MAX_ITER: 20, TOL:0.0001, TOPK:5
{'precision': 0.0014150943396226382, 'recall': 0.0016639896432655236, 'MAP': 0.001622567806603773}

ALPHA:1e-05, MAX_ITER: 20, TOL:0.0001, TOPK:10
{'precision': 0.0027024371069182497, 'recall': 0.0034206051419954516, 'MAP': 0.003207014871593298}

ALPHA:1e-05, MAX_ITER: 20, TOL:0.0001, TOPK:20
{'precision': 0.005247641509434009, 'recall': 0.006847894376143573, 'MAP': 0.006610461434311674}

ALPHA:1e-05, MAX_ITER: 20, TOL:0.0001, TOPK:50
{'precision': 0.012814465408804767, 'recall': 0.01848054623581225, 'MAP': 0.016064173327218646}

ALPHA:1e-05, MAX_ITER: 20, TOL:0.0001, TOPK:100
{'precision': 0.01676493710691777, 'recall': 0.025360001038083814, 'MAP': 0.020113870872641423}

ALPHA:1e-05, MAX_ITER: 20, TOL:0.001, TOPK:5
{'precision': 0.0014150943396226382, 'recall': 0.001673816687290681, 'MAP': 0.0016242056472746326}

ALPHA:1e-05, MAX_ITER: 20, TOL:0.001, TOPK:10
{'precision': 0.0027122641509434073, 'recall': 0.003432888947026898, 'MAP': 0.003210290552935017}

ALPHA:1e-05, MAX_ITER: 20, TOL:0.001, TOPK:20
{'precision': 0.005149371069182435, 'recall': 0.006798564174985542, 'MAP': 0.006512600454227816}

ALPHA:1e-05, MAX_ITER: 20, TOL:0.001, TOPK:50
{'precision': 0.012726022012578353, 'recall': 0.01831494884512641, 'MAP': 0.01596968356918231}

ALPHA:1e-05, MAX_ITER: 20, TOL:0.001, TOPK:100
{'precision': 0.016853380503144184, 'recall': 0.02547794683704377, 'MAP': 0.02022628133735142}

ALPHA:1e-05, MAX_ITER: 20, TOL:0.01, TOPK:5
{'precision': 0.0014150943396226382, 'recall': 0.0016780282775871766, 'MAP': 0.0016178180686582805}

ALPHA:1e-05, MAX_ITER: 20, TOL:0.01, TOPK:10
{'precision': 0.002731918238993722, 'recall': 0.0034751218386112033, 'MAP': 0.0032218782756813485}

ALPHA:1e-05, MAX_ITER: 20, TOL:0.01, TOPK:20
{'precision': 0.00516902515723275, 'recall': 0.006809281882366968, 'MAP': 0.006538150768693224}

ALPHA:1e-05, MAX_ITER: 20, TOL:0.01, TOPK:50
{'precision': 0.012794811320754454, 'recall': 0.018413687239855373, 'MAP': 0.016008131878930736}

ALPHA:1e-05, MAX_ITER: 20, TOL:0.01, TOPK:100
{'precision': 0.01674528301886746, 'recall': 0.025322798657131433, 'MAP': 0.020095308678371684}

ALPHA:1e-05, MAX_ITER: 50, TOL:1e-05, TOPK:5
{'precision': 0.001405267295597481, 'recall': 0.001651705838234077, 'MAP': 0.0016201110455974837}

ALPHA:1e-05, MAX_ITER: 50, TOL:1e-05, TOPK:10
{'precision': 0.002722091194968565, 'recall': 0.003436164628368616, 'MAP': 0.0032079975759958137}

ALPHA:1e-05, MAX_ITER: 50, TOL:1e-05, TOPK:20
{'precision': 0.005159198113207593, 'recall': 0.006810475743500883, 'MAP': 0.00653389238294899}

ALPHA:1e-05, MAX_ITER: 50, TOL:1e-05, TOPK:50
{'precision': 0.01274567610062867, 'recall': 0.01837391110927735, 'MAP': 0.015976112093815435}

ALPHA:1e-05, MAX_ITER: 50, TOL:1e-05, TOPK:100
{'precision': 0.016784591194968085, 'recall': 0.025438617390285075, 'MAP': 0.020181923152515636}

ALPHA:1e-05, MAX_ITER: 50, TOL:0.0001, TOPK:5
{'precision': 0.001405267295597481, 'recall': 0.001651705838234077, 'MAP': 0.0016201110455974837}

ALPHA:1e-05, MAX_ITER: 50, TOL:0.0001, TOPK:10
{'precision': 0.002722091194968565, 'recall': 0.003436164628368616, 'MAP': 0.00321340245020965}

ALPHA:1e-05, MAX_ITER: 50, TOL:0.0001, TOPK:20
{'precision': 0.005159198113207593, 'recall': 0.006810475743500883, 'MAP': 0.006538805904961568}

ALPHA:1e-05, MAX_ITER: 50, TOL:0.0001, TOPK:50
{'precision': 0.01274567610062867, 'recall': 0.01837391110927735, 'MAP': 0.015973655332809145}

ALPHA:1e-05, MAX_ITER: 50, TOL:0.0001, TOPK:100
{'precision': 0.01679441823899324, 'recall': 0.025443084228478328, 'MAP': 0.020183888561320668}

ALPHA:1e-05, MAX_ITER: 50, TOL:0.001, TOPK:5
{'precision': 0.001405267295597481, 'recall': 0.001651705838234077, 'MAP': 0.0016201110455974837}

ALPHA:1e-05, MAX_ITER: 50, TOL:0.001, TOPK:10
{'precision': 0.0027122641509434073, 'recall': 0.003432888947026898, 'MAP': 0.0032004635089098597}

ALPHA:1e-05, MAX_ITER: 50, TOL:0.001, TOPK:20
{'precision': 0.005178852201257907, 'recall': 0.00681728235408108, 'MAP': 0.006543228074772889}

ALPHA:1e-05, MAX_ITER: 50, TOL:0.001, TOPK:50
{'precision': 0.01274567610062867, 'recall': 0.01837391110927735, 'MAP': 0.015973655332809145}

ALPHA:1e-05, MAX_ITER: 50, TOL:0.001, TOPK:100
{'precision': 0.01679441823899324, 'recall': 0.02541851661841543, 'MAP': 0.020174061517295512}

ALPHA:1e-05, MAX_ITER: 50, TOL:0.01, TOPK:5
{'precision': 0.0014150943396226382, 'recall': 0.001673816687290681, 'MAP': 0.0016250245676100626}

ALPHA:1e-05, MAX_ITER: 50, TOL:0.01, TOPK:10
{'precision': 0.0027319182389937222, 'recall': 0.0034433009341487903, 'MAP': 0.0032208546252620613}

ALPHA:1e-05, MAX_ITER: 50, TOL:0.01, TOPK:20
{'precision': 0.00516902515723275, 'recall': 0.00676958699388572, 'MAP': 0.006512518562194273}

ALPHA:0.0001, MAX_ITER: 5, TOL:1e-05, TOPK:15
{'precision': 0.03878431372549165, 'recall': 0.056448120177050434, 'MAP': 0.04291962145969554}

ALPHA:0.0001, MAX_ITER: 5, TOL:1e-05, TOPK:50
{'precision': 0.039637254901962383, 'recall': 0.05827021179809512, 'MAP': 0.043492755991285985}

ALPHA:0.0001, MAX_ITER: 5, TOL:1e-05, TOPK:100
{'precision': 0.03977450980392319, 'recall': 0.05869173653946906, 'MAP': 0.043713344226580096}

ALPHA:0.0001, MAX_ITER: 5, TOL:1e-05, TOPK:150
{'precision': 0.03992156862745262, 'recall': 0.059217839974193345, 'MAP': 0.043635021786493026}

ALPHA:0.0001, MAX_ITER: 5, TOL:0.0001, TOPK:15
{'precision': 0.03887254901960931, 'recall': 0.056555415923899816, 'MAP': 0.04302666122004414}

ALPHA:0.0001, MAX_ITER: 5, TOL:0.0001, TOPK:50
{'precision': 0.039411764705883916, 'recall': 0.05827461442433292, 'MAP': 0.04343480392156919}

ALPHA:0.0001, MAX_ITER: 5, TOL:0.0001, TOPK:100
{'precision': 0.03974509803921731, 'recall': 0.059017323533618264, 'MAP': 0.043814719498911234}

ALPHA:0.0001, MAX_ITER: 5, TOL:0.0001, TOPK:150
{'precision': 0.03985294117647223, 'recall': 0.059251999880329205, 'MAP': 0.043537581699347}

ALPHA:0.0001, MAX_ITER: 5, TOL:0.001, TOPK:15
{'precision': 0.03850980392157004, 'recall': 0.056221341368995176, 'MAP': 0.042927015250545236}

ALPHA:0.0001, MAX_ITER: 5, TOL:0.001, TOPK:50
{'precision': 0.03920588235294275, 'recall': 0.05774547541893149, 'MAP': 0.04320029956427073}

ALPHA:0.0001, MAX_ITER: 5, TOL:0.001, TOPK:100
{'precision': 0.03969607843137413, 'recall': 0.05900700138542361, 'MAP': 0.04362939814814867}

ALPHA:0.0001, MAX_ITER: 5, TOL:0.001, TOPK:150
{'precision': 0.03998039215686439, 'recall': 0.059277539909602175, 'MAP': 0.04390840141612258}

ALPHA:0.0001, MAX_ITER: 5, TOL:0.01, TOPK:15
{'precision': 0.03845098039215826, 'recall': 0.05623305127843622, 'MAP': 0.0428442129629635}

ALPHA:0.0001, MAX_ITER: 5, TOL:0.01, TOPK:50
{'precision': 0.039411764705883916, 'recall': 0.05808033218373109, 'MAP': 0.04327204520697222}

ALPHA:0.0001, MAX_ITER: 5, TOL:0.01, TOPK:100
{'precision': 0.03956862745098197, 'recall': 0.05871812863526873, 'MAP': 0.04356988017429256}

ALPHA:0.0001, MAX_ITER: 5, TOL:0.01, TOPK:150
{'precision': 0.03984313725490358, 'recall': 0.05937975080760253, 'MAP': 0.043827423747277335}

ALPHA:0.0001, MAX_ITER: 10, TOL:1e-05, TOPK:15
{'precision': 0.038803921568628906, 'recall': 0.05658674998727733, 'MAP': 0.04296689814814871}

ALPHA:0.0001, MAX_ITER: 10, TOL:1e-05, TOPK:50
{'precision': 0.03957843137255062, 'recall': 0.058324951564503826, 'MAP': 0.043435375816994026}

ALPHA:0.0001, MAX_ITER: 10, TOL:1e-05, TOPK:100
{'precision': 0.03988235294117812, 'recall': 0.05909271445066213, 'MAP': 0.04377856753812694}

ALPHA:0.0001, MAX_ITER: 10, TOL:1e-05, TOPK:150
{'precision': 0.03987254901960948, 'recall': 0.059335860715134005, 'MAP': 0.043674482570806694}

ALPHA:0.0001, MAX_ITER: 10, TOL:0.0001, TOPK:15
{'precision': 0.03877450980392302, 'recall': 0.0565114983372447, 'MAP': 0.04291447440087203}

ALPHA:0.0001, MAX_ITER: 10, TOL:0.0001, TOPK:50
{'precision': 0.03955882352941337, 'recall': 0.058149124668088685, 'MAP': 0.043383306100218406}

ALPHA:0.0001, MAX_ITER: 10, TOL:0.0001, TOPK:100
{'precision': 0.03990196078431538, 'recall': 0.059120243926504765, 'MAP': 0.04378978758169992}

ALPHA:0.0001, MAX_ITER: 10, TOL:0.0001, TOPK:150
{'precision': 0.0398823529411781, 'recall': 0.05939346699078028, 'MAP': 0.04372140522875877}

ALPHA:0.0001, MAX_ITER: 10, TOL:0.001, TOPK:15
{'precision': 0.03878431372549164, 'recall': 0.05656524306746003, 'MAP': 0.04297851307189597}

ALPHA:0.0001, MAX_ITER: 10, TOL:0.001, TOPK:50
{'precision': 0.03958823529411925, 'recall': 0.05823499342215598, 'MAP': 0.04342045206971733}

ALPHA:0.0001, MAX_ITER: 10, TOL:0.001, TOPK:100
{'precision': 0.03989215686274675, 'recall': 0.059093963970077754, 'MAP': 0.04377155501089382}

ALPHA:0.0001, MAX_ITER: 10, TOL:0.001, TOPK:150
{'precision': 0.03987254901960948, 'recall': 0.059333537058398576, 'MAP': 0.04368592047930341}

ALPHA:0.0001, MAX_ITER: 10, TOL:0.01, TOPK:15
{'precision': 0.0387352941176485, 'recall': 0.056425743765979766, 'MAP': 0.04294775326797442}

ALPHA:0.0001, MAX_ITER: 10, TOL:0.01, TOPK:50
{'precision': 0.039588235294119256, 'recall': 0.058252474341291306, 'MAP': 0.043482312091503834}

ALPHA:0.0001, MAX_ITER: 10, TOL:0.01, TOPK:100
{'precision': 0.03990196078431538, 'recall': 0.059169661036343864, 'MAP': 0.043740536492375304}

ALPHA:0.0001, MAX_ITER: 10, TOL:0.01, TOPK:150
{'precision': 0.03986274509804086, 'recall': 0.0593595404187445, 'MAP': 0.043708959694989724}

ALPHA:0.0001, MAX_ITER: 20, TOL:1e-05, TOPK:15
{'precision': 0.03878431372549165, 'recall': 0.0564540735996729, 'MAP': 0.04291179193899839}

ALPHA:0.0001, MAX_ITER: 20, TOL:1e-05, TOPK:50
{'precision': 0.039578431372550626, 'recall': 0.05818343839357889, 'MAP': 0.04340299564270207}

ALPHA:0.0001, MAX_ITER: 20, TOL:1e-05, TOPK:100
{'precision': 0.03988235294117812, 'recall': 0.05908919817487078, 'MAP': 0.04379155773420537}

ALPHA:0.0001, MAX_ITER: 20, TOL:1e-05, TOPK:150
{'precision': 0.03988235294117811, 'recall': 0.05936842831733828, 'MAP': 0.043692946623094274}

ALPHA:0.0001, MAX_ITER: 20, TOL:0.0001, TOPK:15
{'precision': 0.03878431372549165, 'recall': 0.0564540735996729, 'MAP': 0.04291179193899839}

ALPHA:0.0001, MAX_ITER: 20, TOL:0.0001, TOPK:50
{'precision': 0.039578431372550626, 'recall': 0.05818343839357889, 'MAP': 0.04340844226579575}

ALPHA:0.0001, MAX_ITER: 20, TOL:0.0001, TOPK:100
{'precision': 0.03988235294117812, 'recall': 0.05908919817487078, 'MAP': 0.043790577342048505}

ALPHA:0.0001, MAX_ITER: 20, TOL:0.0001, TOPK:150
{'precision': 0.03988235294117811, 'recall': 0.05936842831733828, 'MAP': 0.043691966230937414}

ALPHA:0.0001, MAX_ITER: 20, TOL:0.001, TOPK:15
{'precision': 0.038794117647060276, 'recall': 0.056465511508169634, 'MAP': 0.04291260893246245}

ALPHA:0.0001, MAX_ITER: 20, TOL:0.001, TOPK:50
{'precision': 0.039588235294119256, 'recall': 0.05818956584455928, 'MAP': 0.043409858387800114}

ALPHA:0.0001, MAX_ITER: 20, TOL:0.001, TOPK:100
{'precision': 0.03985294117647223, 'recall': 0.059069974799246014, 'MAP': 0.043756263616558315}

ALPHA:0.0001, MAX_ITER: 20, TOL:0.001, TOPK:150
{'precision': 0.03989215686274674, 'recall': 0.0593782322389069, 'MAP': 0.043694417211329564}

ALPHA:0.0001, MAX_ITER: 20, TOL:0.01, TOPK:15
{'precision': 0.03878431372549164, 'recall': 0.056567423125003395, 'MAP': 0.04301565904139492}

ALPHA:0.0001, MAX_ITER: 20, TOL:0.01, TOPK:50
{'precision': 0.03957843137255062, 'recall': 0.05816995800142202, 'MAP': 0.04340291394335566}

ALPHA:0.0001, MAX_ITER: 20, TOL:0.01, TOPK:100
{'precision': 0.03983333333333497, 'recall': 0.05903168170128734, 'MAP': 0.04376168300653653}

ALPHA:0.0001, MAX_ITER: 20, TOL:0.01, TOPK:150
{'precision': 0.03992156862745263, 'recall': 0.05946685200053704, 'MAP': 0.043694948257081194}

ALPHA:0.001, MAX_ITER: 5, TOL:1e-05, TOPK:15
{'precision': 0.02637254901960716, 'recall': 0.03580774231601278, 'MAP': 0.02832257625272337}

ALPHA:0.001, MAX_ITER: 5, TOL:1e-05, TOPK:50
{'precision': 0.02649999999999935, 'recall': 0.03605411115221329, 'MAP': 0.028268491285403118}

ALPHA:0.001, MAX_ITER: 5, TOL:1e-05, TOPK:100
{'precision': 0.026450980392156202, 'recall': 0.035968807710145, 'MAP': 0.02829383169934648}

ALPHA:0.001, MAX_ITER: 5, TOL:1e-05, TOPK:150
{'precision': 0.026470588235293465, 'recall': 0.03596710605219946, 'MAP': 0.028295084422658025}

ALPHA:0.001, MAX_ITER: 5, TOL:0.0001, TOPK:15
{'precision': 0.026382352941175805, 'recall': 0.03557289730286578, 'MAP': 0.028348311546841042}

ALPHA:0.001, MAX_ITER: 5, TOL:0.0001, TOPK:50
{'precision': 0.02629411764705815, 'recall': 0.03574091159173114, 'MAP': 0.028271255446623147}

ALPHA:0.001, MAX_ITER: 5, TOL:0.0001, TOPK:100
{'precision': 0.026460784313724832, 'recall': 0.03617743426956757, 'MAP': 0.0284564270152506}

ALPHA:0.001, MAX_ITER: 5, TOL:0.0001, TOPK:150
{'precision': 0.026480392156862095, 'recall': 0.03597244627739584, 'MAP': 0.028329452614379164}

ALPHA:0.001, MAX_ITER: 5, TOL:0.001, TOPK:15
{'precision': 0.02643137254901893, 'recall': 0.03560111672299637, 'MAP': 0.028357666122004407}

ALPHA:0.001, MAX_ITER: 5, TOL:0.001, TOPK:50
{'precision': 0.026539215686273872, 'recall': 0.035784660474262174, 'MAP': 0.0281671704793029}

ALPHA:0.001, MAX_ITER: 5, TOL:0.001, TOPK:100
{'precision': 0.026539215686273872, 'recall': 0.03608292785554303, 'MAP': 0.0284422930283225}

ALPHA:0.001, MAX_ITER: 5, TOL:0.001, TOPK:150
{'precision': 0.026450980392156206, 'recall': 0.03592606838882901, 'MAP': 0.028355024509803987}

ALPHA:0.001, MAX_ITER: 5, TOL:0.01, TOPK:15
{'precision': 0.026107843137254186, 'recall': 0.03546027680017138, 'MAP': 0.028020574618736423}

ALPHA:0.001, MAX_ITER: 5, TOL:0.01, TOPK:50
{'precision': 0.026705882352940573, 'recall': 0.03639812630485607, 'MAP': 0.02859660947712428}

ALPHA:0.001, MAX_ITER: 5, TOL:0.01, TOPK:100
{'precision': 0.0266176470588229, 'recall': 0.03618862296801378, 'MAP': 0.028512500000000066}

ALPHA:0.001, MAX_ITER: 5, TOL:0.01, TOPK:150
{'precision': 0.026480392156862084, 'recall': 0.03600272908910753, 'MAP': 0.028378376906318132}

ALPHA:0.001, MAX_ITER: 10, TOL:1e-05, TOPK:15
{'precision': 0.02648039215686209, 'recall': 0.03590075446668748, 'MAP': 0.028375680827886773}

ALPHA:0.001, MAX_ITER: 10, TOL:1e-05, TOPK:50
{'precision': 0.026588235294117017, 'recall': 0.036147132152910356, 'MAP': 0.02845434368191728}

ALPHA:0.001, MAX_ITER: 10, TOL:1e-05, TOPK:100
{'precision': 0.02657843137254838, 'recall': 0.036133311346810144, 'MAP': 0.02844099945533775}

ALPHA:0.001, MAX_ITER: 10, TOL:1e-05, TOPK:150
{'precision': 0.026598039215685647, 'recall': 0.03614790724927369, 'MAP': 0.028456141067538195}

ALPHA:0.001, MAX_ITER: 10, TOL:0.0001, TOPK:15
{'precision': 0.02653921568627387, 'recall': 0.035895702037218966, 'MAP': 0.02837593954248372}

ALPHA:0.001, MAX_ITER: 10, TOL:0.0001, TOPK:50
{'precision': 0.026607843137254276, 'recall': 0.03621386099442977, 'MAP': 0.02846030773420486}

ALPHA:0.001, MAX_ITER: 10, TOL:0.0001, TOPK:100
{'precision': 0.02655882352941113, 'recall': 0.03611690339474043, 'MAP': 0.028450667211329043}

ALPHA:0.001, MAX_ITER: 10, TOL:0.0001, TOPK:150
{'precision': 0.0265490196078425, 'recall': 0.03608360492578019, 'MAP': 0.028432026143790923}

ALPHA:0.001, MAX_ITER: 10, TOL:0.001, TOPK:15
{'precision': 0.026715686274509196, 'recall': 0.03618817088507959, 'MAP': 0.028716040305010983}

ALPHA:0.001, MAX_ITER: 10, TOL:0.001, TOPK:50
{'precision': 0.02650980392156798, 'recall': 0.03605867138981725, 'MAP': 0.02838425925925933}

ALPHA:0.001, MAX_ITER: 10, TOL:0.001, TOPK:100
{'precision': 0.026686274509803314, 'recall': 0.03633945614875945, 'MAP': 0.02864983660130727}

ALPHA:0.001, MAX_ITER: 10, TOL:0.001, TOPK:150
{'precision': 0.0266176470588229, 'recall': 0.03618599808721315, 'MAP': 0.028490618191721214}

ALPHA:0.001, MAX_ITER: 10, TOL:0.01, TOPK:15
{'precision': 0.026411764705881687, 'recall': 0.03583401843919604, 'MAP': 0.02834803921568634}

ALPHA:0.001, MAX_ITER: 10, TOL:0.01, TOPK:50
{'precision': 0.026401960784313058, 'recall': 0.03583883769182114, 'MAP': 0.028298107298474998}

ALPHA:0.001, MAX_ITER: 10, TOL:0.01, TOPK:100
{'precision': 0.02679411764705823, 'recall': 0.03637942902736088, 'MAP': 0.02880059912854039}

ALPHA:0.001, MAX_ITER: 10, TOL:0.01, TOPK:150
{'precision': 0.026696078431371933, 'recall': 0.0363258680892155, 'MAP': 0.028531998910675437}

ALPHA:0.001, MAX_ITER: 20, TOL:1e-05, TOPK:15
{'precision': 0.026460784313724832, 'recall': 0.03583039876030236, 'MAP': 0.028361628540305075}

ALPHA:0.001, MAX_ITER: 20, TOL:1e-05, TOPK:50
{'precision': 0.026578431372548388, 'recall': 0.03613633317519962, 'MAP': 0.028452382897603556}

ALPHA:0.001, MAX_ITER: 20, TOL:1e-05, TOPK:100
{'precision': 0.0265490196078425, 'recall': 0.03611418008319359, 'MAP': 0.028445520152505514}

ALPHA:0.001, MAX_ITER: 20, TOL:1e-05, TOPK:150
{'precision': 0.0265490196078425, 'recall': 0.03611418008319359, 'MAP': 0.028445520152505514}

ALPHA:0.001, MAX_ITER: 20, TOL:0.0001, TOPK:15
{'precision': 0.026411764705881687, 'recall': 0.03575241302055191, 'MAP': 0.028297249455337754}

-----------------------------------------------------------------------------------------------

ALPHA:0.0001, MAX_ITER: 10, TOL:1e-05, TOPK:50
{'precision': 0.03957255782180293, 'recall': 0.0588128731122362, 'MAP': 0.04316447632369422}

ALPHA:0.0001, MAX_ITER: 10, TOL:1e-05, TOPK:100
{'precision': 0.039943398067728654, 'recall': 0.05954000507393488, 'MAP': 0.04325149366210222}

ALPHA:0.0001, MAX_ITER: 10, TOL:1e-05, TOPK:150
{'precision': 0.0398165316678067, 'recall': 0.0594961162471629, 'MAP': 0.043291803563103054}

ALPHA:0.0001, MAX_ITER: 10, TOL:0.001, TOPK:50
{'precision': 0.039572557821802926, 'recall': 0.05879006051501158, 'MAP': 0.043212756036997854}

ALPHA:0.0001, MAX_ITER: 10, TOL:0.001, TOPK:100
{'precision': 0.04003122865229, 'recall': 0.05961901283140951, 'MAP': 0.0433013727595074}

ALPHA:0.0001, MAX_ITER: 10, TOL:0.001, TOPK:150
{'precision': 0.039787254806286254, 'recall': 0.059396764675429196, 'MAP': 0.043216551185713444}

ALPHA:0.0001, MAX_ITER: 10, TOL:0.1, TOPK:50
{'precision': 0.03954328096028247, 'recall': 0.05870816387360506, 'MAP': 0.043096407620659166}

ALPHA:0.0001, MAX_ITER: 10, TOL:0.1, TOPK:100
{'precision': 0.04007026446765058, 'recall': 0.05959320160727271, 'MAP': 0.04342663977532777}

ALPHA:0.0001, MAX_ITER: 10, TOL:0.1, TOPK:150
{'precision': 0.03999219283692939, 'recall': 0.059436676022133976, 'MAP': 0.04329214241566692}

ALPHA:0.0001, MAX_ITER: 20, TOL:1e-05, TOPK:50
{'precision': 0.03987465726596317, 'recall': 0.05985425800600334, 'MAP': 0.04468906406406458}

ALPHA:0.0001, MAX_ITER: 20, TOL:1e-05, TOPK:100
{'precision': 0.040413239326284454, 'recall': 0.06106879804372484, 'MAP': 0.04509944727336087}

ALPHA:0.0001, MAX_ITER: 20, TOL:1e-05, TOPK:150
{'precision': 0.04040344692518774, 'recall': 0.061104536362319675, 'MAP': 0.04518088740914882}

ALPHA:0.0001, MAX_ITER: 20, TOL:0.001, TOPK:50
{'precision': 0.03987465726596317, 'recall': 0.05985425800600334, 'MAP': 0.04468906406406458}

ALPHA:0.0001, MAX_ITER: 20, TOL:0.001, TOPK:100
{'precision': 0.040413239326284454, 'recall': 0.06106879804372484, 'MAP': 0.045095911128520384}

ALPHA:0.0001, MAX_ITER: 20, TOL:0.001, TOPK:150
{'precision': 0.040393654524090994, 'recall': 0.061101039076213684, 'MAP': 0.045163342690517146}

ALPHA:0.0001, MAX_ITER: 20, TOL:0.1, TOPK:50
{'precision': 0.0400607128868014, 'recall': 0.059965728957702844, 'MAP': 0.044750552182617885}

ALPHA:0.0001, MAX_ITER: 20, TOL:0.1, TOPK:100
{'precision': 0.04043282412847797, 'recall': 0.06111273251660753, 'MAP': 0.04514192181311802}

ALPHA:0.0001, MAX_ITER: 20, TOL:0.1, TOPK:150
{'precision': 0.040589502546026, 'recall': 0.06128835185503264, 'MAP': 0.04518787809548731}

ALPHA:0.0001, MAX_ITER: 25, TOL:1e-05, TOPK:50
{'precision': 0.03987465726596317, 'recall': 0.05985425800600334, 'MAP': 0.04468906406406458}

ALPHA:0.0001, MAX_ITER: 25, TOL:1e-05, TOPK:100
{'precision': 0.040413239326284454, 'recall': 0.06106879804372484, 'MAP': 0.04509944727336087}

ALPHA:0.0001, MAX_ITER: 25, TOL:1e-05, TOPK:150
{'precision': 0.04040344692518774, 'recall': 0.061104536362319675, 'MAP': 0.04518088740914882}

ALPHA:0.0001, MAX_ITER: 25, TOL:0.001, TOPK:50
{'precision': 0.03987465726596317, 'recall': 0.05985425800600334, 'MAP': 0.04467927166296783}

ALPHA:0.0001, MAX_ITER: 25, TOL:0.001, TOPK:100
{'precision': 0.04043282412847796, 'recall': 0.061081142850119986, 'MAP': 0.045098468033251196}

ALPHA:0.0001, MAX_ITER: 25, TOL:0.001, TOPK:150
{'precision': 0.040413239326284496, 'recall': 0.06110803364842566, 'MAP': 0.04518211145928591}

ALPHA:0.0001, MAX_ITER: 25, TOL:0.1, TOPK:50
{'precision': 0.040011750881317684, 'recall': 0.06011475371226822, 'MAP': 0.04466979207468387}

ALPHA:0.0001, MAX_ITER: 25, TOL:0.1, TOPK:100
{'precision': 0.040481786133961715, 'recall': 0.061096412470782915, 'MAP': 0.045126077164121176}

ALPHA:0.0001, MAX_ITER: 25, TOL:0.1, TOPK:150
{'precision': 0.040540540540542236, 'recall': 0.06120114269188282, 'MAP': 0.04532649497323462}

ALPHA:0.0002, MAX_ITER: 20, TOL:1e-05, TOPK:50
{'precision': 0.041186839012927724, 'recall': 0.06168490548023888, 'MAP': 0.04560653044348746}

ALPHA:0.0002, MAX_ITER: 20, TOL:1e-05, TOPK:100
{'precision': 0.04086368977673496, 'recall': 0.06126370421182229, 'MAP': 0.04561660845628291}

ALPHA:0.0002, MAX_ITER: 20, TOL:1e-05, TOPK:150
{'precision': 0.040853897375638215, 'recall': 0.0614346228459261, 'MAP': 0.045529687295992216}

ALPHA:0.0002, MAX_ITER: 20, TOL:0.001, TOPK:50
{'precision': 0.041216216216217974, 'recall': 0.06177422404781831, 'MAP': 0.04562013100056628}

ALPHA:0.0002, MAX_ITER: 20, TOL:0.001, TOPK:100
{'precision': 0.04086368977673496, 'recall': 0.06126741345466197, 'MAP': 0.04562169506463039}

ALPHA:0.0002, MAX_ITER: 20, TOL:0.001, TOPK:150
{'precision': 0.04085389737563822, 'recall': 0.0614684299449506, 'MAP': 0.04553798363581031}

ALPHA:0.0002, MAX_ITER: 20, TOL:0.1, TOPK:50
{'precision': 0.04107912260086349, 'recall': 0.06166645263145053, 'MAP': 0.045512686599643644}

ALPHA:0.0002, MAX_ITER: 20, TOL:0.1, TOPK:100
{'precision': 0.04099099099099271, 'recall': 0.061354907409531985, 'MAP': 0.045590985006746396}

ALPHA:0.0002, MAX_ITER: 20, TOL:0.1, TOPK:150
{'precision': 0.04076576576576747, 'recall': 0.06131882987402284, 'MAP': 0.045446737498368486}

ALPHA:0.0002, MAX_ITER: 25, TOL:1e-05, TOPK:50
{'precision': 0.041186839012927724, 'recall': 0.06168490548023888, 'MAP': 0.04560653044348746}

ALPHA:0.0002, MAX_ITER: 25, TOL:1e-05, TOPK:100
{'precision': 0.04086368977673496, 'recall': 0.06126370421182229, 'MAP': 0.04561660845628291}

ALPHA:0.0002, MAX_ITER: 25, TOL:1e-05, TOPK:150
{'precision': 0.040853897375638215, 'recall': 0.0614346228459261, 'MAP': 0.04553131936284168}

ALPHA:0.0002, MAX_ITER: 25, TOL:0.001, TOPK:50
{'precision': 0.041157461809637474, 'recall': 0.06166121931524835, 'MAP': 0.04557957413935724}

ALPHA:0.0002, MAX_ITER: 25, TOL:0.001, TOPK:100
{'precision': 0.04087348217783171, 'recall': 0.06127069878403425, 'MAP': 0.0456187301431872}

ALPHA:0.0002, MAX_ITER: 25, TOL:0.001, TOPK:150
{'precision': 0.04086368977673496, 'recall': 0.06144441524702285, 'MAP': 0.04552974169822054}

ALPHA:0.0002, MAX_ITER: 25, TOL:0.1, TOPK:50
{'precision': 0.040990990990992716, 'recall': 0.06145482036527179, 'MAP': 0.045414109761936355}

ALPHA:0.0002, MAX_ITER: 25, TOL:0.1, TOPK:100
{'precision': 0.04075597336467069, 'recall': 0.06113602243934158, 'MAP': 0.04552530791661278}

ALPHA:0.0002, MAX_ITER: 25, TOL:0.1, TOPK:150
{'precision': 0.04084410497454145, 'recall': 0.06135456820784717, 'MAP': 0.045551897005701864}

ALPHA:0.0004, MAX_ITER: 20, TOL:1e-05, TOPK:50
{'precision': 0.03752448100274309, 'recall': 0.05588425018563453, 'MAP': 0.04173968805762332}

ALPHA:0.0004, MAX_ITER: 20, TOL:1e-05, TOPK:100
{'precision': 0.03751468860164635, 'recall': 0.05592906556723879, 'MAP': 0.041691229272751526}

ALPHA:0.0004, MAX_ITER: 20, TOL:1e-05, TOPK:150
{'precision': 0.037485311398356105, 'recall': 0.05589359307332639, 'MAP': 0.04168965160813038}

ALPHA:0.0004, MAX_ITER: 20, TOL:0.001, TOPK:50
{'precision': 0.037485311398356085, 'recall': 0.05584886030400924, 'MAP': 0.041718362384123735}

ALPHA:0.0004, MAX_ITER: 20, TOL:0.001, TOPK:100
{'precision': 0.037455934195065856, 'recall': 0.055853368752411536, 'MAP': 0.04164568100709455}

ALPHA:0.0004, MAX_ITER: 20, TOL:0.001, TOPK:150
{'precision': 0.0374461417939691, 'recall': 0.055728252147115895, 'MAP': 0.04163085639987864}

ALPHA:0.0004, MAX_ITER: 20, TOL:0.1, TOPK:50
{'precision': 0.03719153936545356, 'recall': 0.055470894140849, 'MAP': 0.04139092897245121}

ALPHA:0.0004, MAX_ITER: 20, TOL:0.1, TOPK:100
{'precision': 0.03718174696435681, 'recall': 0.05526571677115005, 'MAP': 0.041422115049832946}

ALPHA:0.0004, MAX_ITER: 20, TOL:0.1, TOPK:150
{'precision': 0.03725029377203405, 'recall': 0.05548028795632693, 'MAP': 0.04144123743308572}

ALPHA:0.0004, MAX_ITER: 25, TOL:1e-05, TOPK:50
{'precision': 0.03754406580493659, 'recall': 0.055920155656322634, 'MAP': 0.04175449906428215}

ALPHA:0.0004, MAX_ITER: 25, TOL:1e-05, TOPK:100
{'precision': 0.03751468860164635, 'recall': 0.05592906556723879, 'MAP': 0.04169394938416729}

ALPHA:0.0004, MAX_ITER: 25, TOL:1e-05, TOPK:150
{'precision': 0.03747551899725935, 'recall': 0.05588982676521225, 'MAP': 0.04167308612960839}

ALPHA:0.0004, MAX_ITER: 25, TOL:0.001, TOPK:50
{'precision': 0.03753427340383985, 'recall': 0.05589536079457123, 'MAP': 0.04176040170605436}

ALPHA:0.0004, MAX_ITER: 25, TOL:0.001, TOPK:100
{'precision': 0.0375048962005496, 'recall': 0.05595082645856489, 'MAP': 0.04173962005483796}

ALPHA:0.0004, MAX_ITER: 25, TOL:0.001, TOPK:150
{'precision': 0.03743634939287236, 'recall': 0.055846110688887465, 'MAP': 0.04163991437089315}

ALPHA:0.0004, MAX_ITER: 25, TOL:0.1, TOPK:50
{'precision': 0.03735801018409833, 'recall': 0.055731532788924, 'MAP': 0.041767269987379146}

ALPHA:0.0004, MAX_ITER: 25, TOL:0.1, TOPK:100
{'precision': 0.03726987857422757, 'recall': 0.055388030348337065, 'MAP': 0.04146371915393706}

ALPHA:0.0004, MAX_ITER: 25, TOL:0.1, TOPK:150
{'precision': 0.037367802585195085, 'recall': 0.05534740004005885, 'MAP': 0.04155463887800887}

ALPHA:0.0001, MAX_ITER: 10, TOL:1e-05, TOPK:50
{'precision': 0.03974126525212098, 'recall': 0.05811328135211168, 'MAP': 0.04265980355324763}

ALPHA:0.0001, MAX_ITER: 10, TOL:1e-05, TOPK:100
{'precision': 0.03985887195570313, 'recall': 0.058531696432589424, 'MAP': 0.04286249816239591}

ALPHA:0.0001, MAX_ITER: 10, TOL:1e-05, TOPK:150
{'precision': 0.03980986916254392, 'recall': 0.05873247618983434, 'MAP': 0.042753167486102917}

ALPHA:0.0001, MAX_ITER: 10, TOL:0.001, TOPK:50
{'precision': 0.03962365854853885, 'recall': 0.05795746862463239, 'MAP': 0.04260663552266989}

ALPHA:0.0001, MAX_ITER: 10, TOL:0.001, TOPK:100
{'precision': 0.03988827363159865, 'recall': 0.058539182970433194, 'MAP': 0.042852915393955866}

ALPHA:0.0001, MAX_ITER: 10, TOL:0.001, TOPK:150
{'precision': 0.03983927083843945, 'recall': 0.05873012151016306, 'MAP': 0.042765486243827686}

ALPHA:0.0001, MAX_ITER: 10, TOL:0.1, TOPK:50
{'precision': 0.03949625128632488, 'recall': 0.0578244554715536, 'MAP': 0.04253375747973256}

ALPHA:0.0001, MAX_ITER: 10, TOL:0.1, TOPK:100
{'precision': 0.03980006860391206, 'recall': 0.05859563801219409, 'MAP': 0.04289513946739473}

ALPHA:0.0001, MAX_ITER: 10, TOL:0.1, TOPK:150
{'precision': 0.039682461900329966, 'recall': 0.05856084828990742, 'MAP': 0.04272285381377911}

ALPHA:0.0002, MAX_ITER: 10, TOL:1e-05, TOPK:50
{'precision': 0.03986867251433494, 'recall': 0.05822386252735389, 'MAP': 0.04268996749481447}

ALPHA:0.0002, MAX_ITER: 10, TOL:1e-05, TOPK:100
{'precision': 0.039594256872643285, 'recall': 0.058047851022368736, 'MAP': 0.042644980208316884}

ALPHA:0.0002, MAX_ITER: 10, TOL:1e-05, TOPK:150
{'precision': 0.03958445631401144, 'recall': 0.05813981415929054, 'MAP': 0.042634430995900655}

ALPHA:0.0002, MAX_ITER: 10, TOL:0.001, TOPK:50
{'precision': 0.03991767530749416, 'recall': 0.05827186439411941, 'MAP': 0.04269724985435341}

ALPHA:0.0002, MAX_ITER: 10, TOL:0.001, TOPK:100
{'precision': 0.03963345910717066, 'recall': 0.05812569007457935, 'MAP': 0.04265303844541417}

ALPHA:0.0002, MAX_ITER: 10, TOL:0.001, TOPK:150
{'precision': 0.03954525407948408, 'recall': 0.058066303418376146, 'MAP': 0.042660116626648266}

ALPHA:0.0002, MAX_ITER: 10, TOL:0.1, TOPK:50
{'precision': 0.039829470279807565, 'recall': 0.05820549011085602, 'MAP': 0.04276385281738895}

============================================================================================

ALPHA:0.0002, MAX_ITER: 20, TOL:1e-05, TOPK:50
{'precision': 0.041265623462259454, 'recall': 0.06136454390195054, 'MAP': 0.04457395652221514}

ALPHA:0.0002, MAX_ITER: 20, TOL:1e-05, TOPK:100
{'precision': 0.04108847554374748, 'recall': 0.06142324887409431, 'MAP': 0.04442976413082757}

ALPHA:0.0002, MAX_ITER: 20, TOL:1e-05, TOPK:150
{'precision': 0.04099006003346303, 'recall': 0.06113631271699705, 'MAP': 0.0442863645310506}

ALPHA:0.0002, MAX_ITER: 20, TOL:0.001, TOPK:50
{'precision': 0.041265623462259454, 'recall': 0.06132517769783676, 'MAP': 0.044558374066420096}

ALPHA:0.0002, MAX_ITER: 20, TOL:0.001, TOPK:100
{'precision': 0.04110815864580437, 'recall': 0.06147304243584536, 'MAP': 0.04446569946090225}

ALPHA:0.0002, MAX_ITER: 20, TOL:0.001, TOPK:150
{'precision': 0.0409605353803777, 'recall': 0.061112118904052125, 'MAP': 0.04429079322901339}

ALPHA:0.0002, MAX_ITER: 20, TOL:0.1, TOPK:50
{'precision': 0.04133451431945854, 'recall': 0.06128639588957985, 'MAP': 0.044628727487452585}

ALPHA:0.0002, MAX_ITER: 20, TOL:0.1, TOPK:100
{'precision': 0.04111800019683282, 'recall': 0.06134759625194033, 'MAP': 0.04434589224595182}

ALPHA:0.0002, MAX_ITER: 20, TOL:0.1, TOPK:150
{'precision': 0.04100974313551991, 'recall': 0.061146459242354005, 'MAP': 0.04428816881540582}

========================================================================================


ALPHA:0.0002, MAX_ITER: 25, TOL:1e-05, TOPK:100
{'precision': 0.040618101545255574, 'recall': 0.060575064569381, 'MAP': 0.04472877660589263}

ALPHA:0.0002, MAX_ITER: 25, TOL:0.001, TOPK:100
{'precision': 0.04063772381653347, 'recall': 0.06059346044870404, 'MAP': 0.04473201973128439}

ALPHA:0.0002, MAX_ITER: 25, TOL:0.1, TOPK:100
{'precision': 0.04054942359578291, 'recall': 0.06043316464301049, 'MAP': 0.044527716458180606}

ALPHA:0.0002, MAX_ITER: 30, TOL:1e-05, TOPK:100
{'precision': 0.040618101545255574, 'recall': 0.060575064569381, 'MAP': 0.04472877660589263}

ALPHA:0.0002, MAX_ITER: 30, TOL:0.001, TOPK:100
{'precision': 0.040618101545255574, 'recall': 0.060581605326473636, 'MAP': 0.04472436159485509}

ALPHA:0.0002, MAX_ITER: 30, TOL:0.1, TOPK:100
{'precision': 0.04050036791758814, 'recall': 0.06031045539841234, 'MAP': 0.044457348813125595}

ALPHA:0.00025, MAX_ITER: 25, TOL:1e-05, TOPK:100
{'precision': 0.04021584498405859, 'recall': 0.06007690234321275, 'MAP': 0.044110947592184355}

ALPHA:0.00025, MAX_ITER: 25, TOL:0.001, TOPK:100
{'precision': 0.04034338974736497, 'recall': 0.06031355332174051, 'MAP': 0.04430009811135696}

ALPHA:0.00025, MAX_ITER: 25, TOL:0.1, TOPK:100
{'precision': 0.04003924454255745, 'recall': 0.05981732003724722, 'MAP': 0.04407678576295265}

ALPHA:0.00025, MAX_ITER: 30, TOL:1e-05, TOPK:100
{'precision': 0.0402747117978923, 'recall': 0.060160746980560356, 'MAP': 0.04421069413784703}

ALPHA:0.00025, MAX_ITER: 30, TOL:0.001, TOPK:100
{'precision': 0.04024527839097545, 'recall': 0.06015597340551794, 'MAP': 0.04419086746790998}

ALPHA:0.00025, MAX_ITER: 30, TOL:0.1, TOPK:100
{'precision': 0.04014716703458595, 'recall': 0.05996208458151086, 'MAP': 0.04413144196440799}

ALPHA:0.0003, MAX_ITER: 25, TOL:1e-05, TOPK:100
{'precision': 0.03948982094677617, 'recall': 0.05850789651416149, 'MAP': 0.04308757801215541}

ALPHA:0.0003, MAX_ITER: 25, TOL:0.001, TOPK:100
{'precision': 0.03954868776060988, 'recall': 0.05859119846280561, 'MAP': 0.04313866405036434}

ALPHA:0.0003, MAX_ITER: 25, TOL:0.1, TOPK:100
{'precision': 0.03934265391219192, 'recall': 0.05839246836638546, 'MAP': 0.04297507699016213}

ALPHA:0.0003, MAX_ITER: 30, TOL:1e-05, TOPK:100
{'precision': 0.03948982094677617, 'recall': 0.05850789651416149, 'MAP': 0.04308757801215541}

===========================================================================================

ALPHA:0.0002, MAX_ITER: 10, TOL:1e-05, TOPK:100
{'precision': 0.04187594849953681, 'recall': 0.06251976035097608, 'MAP': 0.04590225083359243}

ALPHA:0.0002, MAX_ITER: 10, TOL:0.0001, TOPK:100
{'precision': 0.04188573946247802, 'recall': 0.06250460767023373, 'MAP': 0.0458991911576733}

ALPHA:0.0002, MAX_ITER: 10, TOL:0.001, TOPK:100
{'precision': 0.04196406716600767, 'recall': 0.06265910756981329, 'MAP': 0.04602703121685423}

ALPHA:0.0002, MAX_ITER: 20, TOL:1e-05, TOPK:100
{'precision': 0.04191511235130163, 'recall': 0.06258619902807712, 'MAP': 0.04592954314279103}

ALPHA:0.0002, MAX_ITER: 20, TOL:0.0001, TOPK:100
{'precision': 0.04191511235130163, 'recall': 0.06258619902807712, 'MAP': 0.04592954314279103}

ALPHA:0.0002, MAX_ITER: 20, TOL:0.001, TOPK:100
{'precision': 0.04189553042541922, 'recall': 0.06251276680601807, 'MAP': 0.045923831747742005}

ALPHA:0.00025, MAX_ITER: 10, TOL:1e-05, TOPK:100
{'precision': 0.04150389190777091, 'recall': 0.061483698526522745, 'MAP': 0.04556730471108565}

ALPHA:0.00025, MAX_ITER: 10, TOL:0.0001, TOPK:100
{'precision': 0.04153326479659452, 'recall': 0.06158073115791735, 'MAP': 0.045620583867757386}

ALPHA:0.00025, MAX_ITER: 10, TOL:0.001, TOPK:100
{'precision': 0.04145493709306487, 'recall': 0.0614458947145187, 'MAP': 0.04550588001718922}

ALPHA:0.00025, MAX_ITER: 20, TOL:1e-05, TOPK:100
{'precision': 0.04147451901894728, 'recall': 0.06143598071699026, 'MAP': 0.04551786034823256}

ALPHA:0.00025, MAX_ITER: 20, TOL:0.0001, TOPK:100
{'precision': 0.04147451901894728, 'recall': 0.06143434888983341, 'MAP': 0.04551854027621459}

ALPHA:0.00025, MAX_ITER: 20, TOL:0.001, TOPK:100
{'precision': 0.04149410094482969, 'recall': 0.06144695846331828, 'MAP': 0.04552426526982327}

ALPHA:0.00021, MAX_ITER: 10, TOL:1e-05, TOPK:100
{'precision': 0.04084791718018418, 'recall': 0.060705998020110716, 'MAP': 0.04504612055980132}

ALPHA:0.00021, MAX_ITER: 10, TOL:0.0001, TOPK:100
{'precision': 0.04084791718018418, 'recall': 0.060695504012445965, 'MAP': 0.04507104319009739}

ALPHA:0.00021, MAX_ITER: 10, TOL:0.001, TOPK:100
{'precision': 0.04085777668227932, 'recall': 0.06072243052360263, 'MAP': 0.04502707254950362}

ALPHA:0.00021, MAX_ITER: 20, TOL:1e-05, TOPK:100
{'precision': 0.04086763618437446, 'recall': 0.06071468377195645, 'MAP': 0.045038780708241605}

ALPHA:0.00021, MAX_ITER: 20, TOL:0.0001, TOPK:100
{'precision': 0.04086763618437446, 'recall': 0.06071468377195645, 'MAP': 0.0450396023334162}

ALPHA:0.00021, MAX_ITER: 20, TOL:0.001, TOPK:100
{'precision': 0.04092679319694533, 'recall': 0.06074629855708368, 'MAP': 0.045138306904390926}

ALPHA:0.00022, MAX_ITER: 10, TOL:1e-05, TOPK:100
{'precision': 0.04065072713828127, 'recall': 0.06034398048462219, 'MAP': 0.04494219866896787}

ALPHA:0.00022, MAX_ITER: 10, TOL:0.0001, TOPK:100
{'precision': 0.04066058664037642, 'recall': 0.060342748046860316, 'MAP': 0.04494845671404771}

ALPHA:0.00022, MAX_ITER: 10, TOL:0.001, TOPK:100
{'precision': 0.04065072713828128, 'recall': 0.06029303972379728, 'MAP': 0.044928285816011396}

ALPHA:0.00022, MAX_ITER: 20, TOL:1e-05, TOPK:100
{'precision': 0.04067044614247157, 'recall': 0.06035315529907185, 'MAP': 0.04493563936132401}

ALPHA:0.00022, MAX_ITER: 20, TOL:0.0001, TOPK:100
{'precision': 0.04067044614247157, 'recall': 0.06035315529907185, 'MAP': 0.04493789883055416}

ALPHA:0.00022, MAX_ITER: 20, TOL:0.001, TOPK:100
{'precision': 0.040680305644566706, 'recall': 0.06036575355174899, 'MAP': 0.044929477172514554}

ALPHA:0.0001, MAX_ITER: 10, TOL:0.0001, TOPK:100
{'precision': 0.008438818565400678, 'recall': 0.04219409282700422, 'MAP': 0.025415520088057288}

ALPHA:0.0002, MAX_ITER: 10, TOL:0.001, TOPK:100
{'precision': 0.008710328380113559, 'recall': 0.043551641900568705, 'MAP': 0.02609246009906446}

