[{"topK": 9, "add_zeros_quota": 0.17890025404241297, "normalize_similarity": true}, {"topK": 23, "add_zeros_quota": 0.30418164121457353, "normalize_similarity": true}, {"topK": 30, "add_zeros_quota": 0.009583888847430557, "normalize_similarity": true}, {"topK": 23, "add_zeros_quota": 0.4989407924064768, "normalize_similarity": true}, {"topK": 6, "add_zeros_quota": 0.9439450263982798, "normalize_similarity": false}, {"topK": 51, "add_zeros_quota": 0.05933736326375795, "normalize_similarity": false}, {"topK": 26, "add_zeros_quota": 0.11363870718395433, "normalize_similarity": false}, {"topK": 74, "add_zeros_quota": 0.5458046147887275, "normalize_similarity": true}, {"topK": 100, "add_zeros_quota": 0.9949653058093376, "normalize_similarity": false}, {"topK": 100, "add_zeros_quota": 1.0, "normalize_similarity": true}, {"topK": 100, "add_zeros_quota": 0.0, "normalize_similarity": false}, {"topK": 97, "add_zeros_quota": 0.9996300361873915, "normalize_similarity": true}, {"topK": 5, "add_zeros_quota": 0.9989047541071873, "normalize_similarity": false}, {"topK": 99, "add_zeros_quota": 0.0010729052284749188, "normalize_similarity": false}, {"topK": 98, "add_zeros_quota": 0.023769738736845743, "normalize_similarity": true}, {"topK": 100, "add_zeros_quota": 0.0, "normalize_similarity": true}, {"topK": 99, "add_zeros_quota": 0.9992127989039696, "normalize_similarity": false}, {"topK": 100, "add_zeros_quota": 1.0, "normalize_similarity": true}, {"topK": 5, "add_zeros_quota": 0.9771072394162876, "normalize_similarity": true}, {"topK": 6, "add_zeros_quota": 0.014051399998094464, "normalize_similarity": false}, {"topK": 99, "add_zeros_quota": 0.9989849471997246, "normalize_similarity": false}, {"topK": 100, "add_zeros_quota": 0.00358305959235894, "normalize_similarity": false}, {"topK": 6, "add_zeros_quota": 0.9984390141356527, "normalize_similarity": false}, {"topK": 100, "add_zeros_quota": 0.0, "normalize_similarity": true}, {"topK": 100, "add_zeros_quota": 0.0, "normalize_similarity": true}]