[{"topK": 13, "shrink": 26, "similarity": "jaccard", "normalize": false}, {"topK": 70, "shrink": 120, "similarity": "jaccard", "normalize": false}, {"topK": 5, "shrink": 120, "similarity": "jaccard", "normalize": false}, {"topK": 70, "shrink": 21, "similarity": "jaccard", "normalize": false}, {"topK": 5, "shrink": 20, "similarity": "jaccard", "normalize": false}, {"topK": 70, "shrink": 120, "similarity": "jaccard", "normalize": false}, {"topK": 5, "shrink": 120, "similarity": "jaccard", "normalize": false}, {"topK": 70, "shrink": 20, "similarity": "jaccard", "normalize": false}, {"topK": 5, "shrink": 120, "similarity": "jaccard", "normalize": false}, {"topK": 69, "shrink": 21, "similarity": "jaccard", "normalize": false}]