[{"topK": 93, "shrink": 100, "similarity": "jaccard", "normalize": false}, {"topK": 5, "shrink": 0, "similarity": "jaccard", "normalize": false}, {"topK": 100, "shrink": 150, "similarity": "jaccard", "normalize": false}, {"topK": 100, "shrink": 0, "similarity": "jaccard", "normalize": false}, {"topK": 5, "shrink": 150, "similarity": "jaccard", "normalize": false}, {"topK": 5, "shrink": 150, "similarity": "jaccard", "normalize": false}, {"topK": 6, "shrink": 150, "similarity": "jaccard", "normalize": false}, {"topK": 100, "shrink": 150, "similarity": "jaccard", "normalize": false}, {"topK": 5, "shrink": 150, "similarity": "jaccard", "normalize": false}, {"topK": 98, "shrink": 149, "similarity": "jaccard", "normalize": false}, {"topK": 6, "shrink": 0, "similarity": "jaccard", "normalize": false}, {"topK": 6, "shrink": 150, "similarity": "jaccard", "normalize": false}, {"topK": 97, "shrink": 150, "similarity": "jaccard", "normalize": false}, {"topK": 9, "shrink": 150, "similarity": "jaccard", "normalize": false}, {"topK": 5, "shrink": 150, "similarity": "jaccard", "normalize": false}, {"topK": 97, "shrink": 0, "similarity": "jaccard", "normalize": false}, {"topK": 99, "shrink": 150, "similarity": "jaccard", "normalize": false}, {"topK": 5, "shrink": 150, "similarity": "jaccard", "normalize": false}, {"topK": 5, "shrink": 150, "similarity": "jaccard", "normalize": false}, {"topK": 5, "shrink": 150, "similarity": "jaccard", "normalize": false}]